data.date,data.resultSet.recipients_matched.0.MON_OUTGOING_DOMAINS_NDRs_O365,data.resultSet.recipients_matched.1.OUTGOING_DOMAINS_O365,data.type,meta.totalCount,source_file
01/08/2022,7241,420,mail_content_filter_outgoing,0,20220801-PRO-OCF.json
02/08/2022,7254,432,mail_content_filter_outgoing,6,20220802-PRO-OCF.json
03/08/2022,7252,425,mail_content_filter_outgoing,8,20220803-PRO-OCF.json
04/08/2022,7244,431,mail_content_filter_outgoing,7,20220804-PRO-OCF.json
05/08/2022,7251,418,mail_content_filter_outgoing,7,20220805-PRO-OCF.json
06/08/2022,7236,433,mail_content_filter_outgoing,0,20220806-PRO-OCF.json
07/08/2022,7241,431,mail_content_filter_outgoing,8,20220807-PRO-OCF.json
08/08/2022,7242,426,mail_content_filter_outgoing,4,20220808-PRO-OCF.json
09/08/2022,7243,431,mail_content_filter_outgoing,0,20220809-PRO-OCF.json
10/08/2022,7252,433,mail_content_filter_outgoing,4,20220810-PRO-OCF.json
11/08/2022,7251,437,mail_content_filter_outgoing,0,20220811-PRO-OCF.json
12/08/2022,7237,423,mail_content_filter_outgoing,0,20220812-PRO-OCF.json
13/08/2022,7245,421,mail_content_filter_outgoing,0,20220813-PRO-OCF.json
14/08/2022,7251,426,mail_content_filter_outgoing,0,20220814-PRO-OCF.json
15/08/2022,7240,427,mail_content_filter_outgoing,0,20220815-PRO-OCF.json
16/08/2022,7255,421,mail_content_filter_outgoing,10,20220816-PRO-OCF.json
17/08/2022,7247,432,mail_content_filter_outgoing,1,20220817-PRO-OCF.json
18/08/2022,7237,433,mail_content_filter_outgoing,4,20220818-PRO-OCF.json
19/08/2022,7236,436,mail_content_filter_outgoing,7,20220819-PRO-OCF.json
20/08/2022,7250,437,mail_content_filter_outgoing,4,20220820-PRO-OCF.json
21/08/2022,7242,428,mail_content_filter_outgoing,0,20220821-PRO-OCF.json
22/08/2022,7251,422,mail_content_filter_outgoing,0,20220822-PRO-OCF.json
23/08/2022,7252,434,mail_content_filter_outgoing,0,20220823-PRO-OCF.json
24/08/2022,7255,428,mail_content_filter_outgoing,0,20220824-PRO-OCF.json
25/08/2022,7253,428,mail_content_filter_outgoing,0,20220825-PRO-OCF.json
26/08/2022,7243,438,mail_content_filter_outgoing,0,20220826-PRO-OCF.json
27/08/2022,7241,422,mail_content_filter_outgoing,0,20220827-PRO-OCF.json
28/08/2022,7237,419,mail_content_filter_outgoing,10,20220828-PRO-OCF.json
29/08/2022,7241,436,mail_content_filter_outgoing,1,20220829-PRO-OCF.json
30/08/2022,7253,427,mail_content_filter_outgoing,5,20220830-PRO-OCF.json
31/08/2022,7246,435,mail_content_filter_outgoing,0,20220831-PRO-OCF.json
01/09/2022,7254,421,mail_content_filter_outgoing,0,20220901-PRO-OCF.json
02/09/2022,7246,431,mail_content_filter_outgoing,7,20220902-PRO-OCF.json
03/09/2022,7255,429,mail_content_filter_outgoing,0,20220903-PRO-OCF.json
04/09/2022,7245,431,mail_content_filter_outgoing,3,20220904-PRO-OCF.json
05/09/2022,7246,428,mail_content_filter_outgoing,3,20220905-PRO-OCF.json
06/09/2022,7240,421,mail_content_filter_outgoing,0,20220906-PRO-OCF.json
07/09/2022,7236,421,mail_content_filter_outgoing,3,20220907-PRO-OCF.json
08/09/2022,7240,422,mail_content_filter_outgoing,0,20220908-PRO-OCF.json
09/09/2022,7242,426,mail_content_filter_outgoing,0,20220909-PRO-OCF.json
10/09/2022,7236,421,mail_content_filter_outgoing,0,20220910-PRO-OCF.json
11/09/2022,7248,437,mail_content_filter_outgoing,0,20220911-PRO-OCF.json
12/09/2022,7238,425,mail_content_filter_outgoing,0,20220912-PRO-OCF.json
13/09/2022,7252,436,mail_content_filter_outgoing,0,20220913-PRO-OCF.json
14/09/2022,7255,423,mail_content_filter_outgoing,4,20220914-PRO-OCF.json
15/09/2022,7251,431,mail_content_filter_outgoing,3,20220915-PRO-OCF.json
16/09/2022,7253,421,mail_content_filter_outgoing,0,20220916-PRO-OCF.json
17/09/2022,7250,419,mail_content_filter_outgoing,0,20220917-PRO-OCF.json
18/09/2022,7252,425,mail_content_filter_outgoing,0,20220918-PRO-OCF.json
19/09/2022,7252,433,mail_content_filter_outgoing,1,20220919-PRO-OCF.json
20/09/2022,7237,429,mail_content_filter_outgoing,2,20220920-PRO-OCF.json
21/09/2022,7255,425,mail_content_filter_outgoing,0,20220921-PRO-OCF.json
22/09/2022,7247,423,mail_content_filter_outgoing,1,20220922-PRO-OCF.json
23/09/2022,7238,431,mail_content_filter_outgoing,0,20220923-PRO-OCF.json
24/09/2022,7236,425,mail_content_filter_outgoing,0,20220924-PRO-OCF.json
25/09/2022,7254,437,mail_content_filter_outgoing,0,20220925-PRO-OCF.json
26/09/2022,7237,433,mail_content_filter_outgoing,0,20220926-PRO-OCF.json
27/09/2022,7251,428,mail_content_filter_outgoing,3,20220927-PRO-OCF.json
28/09/2022,7250,424,mail_content_filter_outgoing,5,20220928-PRO-OCF.json
29/09/2022,7238,431,mail_content_filter_outgoing,4,20220929-PRO-OCF.json
30/09/2022,7241,438,mail_content_filter_outgoing,4,20220930-PRO-OCF.json
01/10/2022,7242,426,mail_content_filter_outgoing,2,20221001-PRO-OCF.json
02/10/2022,7236,418,mail_content_filter_outgoing,0,20221002-PRO-OCF.json
03/10/2022,7235,421,mail_content_filter_outgoing,1,20221003-PRO-OCF.json
04/10/2022,7254,420,mail_content_filter_outgoing,8,20221004-PRO-OCF.json
05/10/2022,7255,425,mail_content_filter_outgoing,0,20221005-PRO-OCF.json
06/10/2022,7251,420,mail_content_filter_outgoing,2,20221006-PRO-OCF.json
07/10/2022,7239,423,mail_content_filter_outgoing,0,20221007-PRO-OCF.json
08/10/2022,7238,423,mail_content_filter_outgoing,5,20221008-PRO-OCF.json
09/10/2022,7252,435,mail_content_filter_outgoing,5,20221009-PRO-OCF.json
10/10/2022,7251,418,mail_content_filter_outgoing,0,20221010-PRO-OCF.json
11/10/2022,7241,425,mail_content_filter_outgoing,0,20221011-PRO-OCF.json
12/10/2022,7243,432,mail_content_filter_outgoing,0,20221012-PRO-OCF.json
13/10/2022,7255,428,mail_content_filter_outgoing,3,20221013-PRO-OCF.json
14/10/2022,7240,436,mail_content_filter_outgoing,9,20221014-PRO-OCF.json
15/10/2022,7249,437,mail_content_filter_outgoing,4,20221015-PRO-OCF.json
16/10/2022,7238,425,mail_content_filter_outgoing,10,20221016-PRO-OCF.json
17/10/2022,7255,434,mail_content_filter_outgoing,2,20221017-PRO-OCF.json
18/10/2022,7252,430,mail_content_filter_outgoing,0,20221018-PRO-OCF.json
19/10/2022,7239,426,mail_content_filter_outgoing,1,20221019-PRO-OCF.json
20/10/2022,7248,422,mail_content_filter_outgoing,0,20221020-PRO-OCF.json
21/10/2022,7236,426,mail_content_filter_outgoing,0,20221021-PRO-OCF.json
22/10/2022,7244,437,mail_content_filter_outgoing,0,20221022-PRO-OCF.json
23/10/2022,7242,424,mail_content_filter_outgoing,0,20221023-PRO-OCF.json
24/10/2022,7245,438,mail_content_filter_outgoing,0,20221024-PRO-OCF.json
25/10/2022,7254,427,mail_content_filter_outgoing,0,20221025-PRO-OCF.json
26/10/2022,7241,437,mail_content_filter_outgoing,3,20221026-PRO-OCF.json
27/10/2022,7243,431,mail_content_filter_outgoing,0,20221027-PRO-OCF.json
28/10/2022,7246,435,mail_content_filter_outgoing,0,20221028-PRO-OCF.json
29/10/2022,7247,421,mail_content_filter_outgoing,0,20221029-PRO-OCF.json
30/10/2022,7237,436,mail_content_filter_outgoing,0,20221030-PRO-OCF.json
31/10/2022,7248,435,mail_content_filter_outgoing,8,20221031-PRO-OCF.json
01/11/2022,7254,423,mail_content_filter_outgoing,8,20221101-PRO-OCF.json
02/11/2022,7245,423,mail_content_filter_outgoing,0,20221102-PRO-OCF.json
03/11/2022,7249,426,mail_content_filter_outgoing,0,20221103-PRO-OCF.json
04/11/2022,7237,435,mail_content_filter_outgoing,10,20221104-PRO-OCF.json
05/11/2022,7240,432,mail_content_filter_outgoing,0,20221105-PRO-OCF.json
06/11/2022,7245,437,mail_content_filter_outgoing,4,20221106-PRO-OCF.json
07/11/2022,7248,434,mail_content_filter_outgoing,5,20221107-PRO-OCF.json
08/11/2022,7237,437,mail_content_filter_outgoing,0,20221108-PRO-OCF.json
09/11/2022,7239,433,mail_content_filter_outgoing,1,20221109-PRO-OCF.json
10/11/2022,7250,422,mail_content_filter_outgoing,4,20221110-PRO-OCF.json
11/11/2022,7240,431,mail_content_filter_outgoing,3,20221111-PRO-OCF.json
12/11/2022,7243,423,mail_content_filter_outgoing,8,20221112-PRO-OCF.json
13/11/2022,7240,427,mail_content_filter_outgoing,0,20221113-PRO-OCF.json
14/11/2022,7247,431,mail_content_filter_outgoing,0,20221114-PRO-OCF.json
15/11/2022,7239,432,mail_content_filter_outgoing,0,20221115-PRO-OCF.json
16/11/2022,7253,430,mail_content_filter_outgoing,9,20221116-PRO-OCF.json
17/11/2022,7244,426,mail_content_filter_outgoing,0,20221117-PRO-OCF.json
18/11/2022,7247,425,mail_content_filter_outgoing,0,20221118-PRO-OCF.json
19/11/2022,7248,433,mail_content_filter_outgoing,0,20221119-PRO-OCF.json
20/11/2022,7238,423,mail_content_filter_outgoing,0,20221120-PRO-OCF.json
21/11/2022,7243,425,mail_content_filter_outgoing,9,20221121-PRO-OCF.json
22/11/2022,7239,435,mail_content_filter_outgoing,10,20221122-PRO-OCF.json
23/11/2022,7241,419,mail_content_filter_outgoing,10,20221123-PRO-OCF.json
24/11/2022,7244,425,mail_content_filter_outgoing,6,20221124-PRO-OCF.json
25/11/2022,7235,424,mail_content_filter_outgoing,5,20221125-PRO-OCF.json
26/11/2022,7250,429,mail_content_filter_outgoing,4,20221126-PRO-OCF.json
27/11/2022,7238,423,mail_content_filter_outgoing,10,20221127-PRO-OCF.json
28/11/2022,7251,437,mail_content_filter_outgoing,0,20221128-PRO-OCF.json
29/11/2022,7238,428,mail_content_filter_outgoing,6,20221129-PRO-OCF.json
30/11/2022,7244,427,mail_content_filter_outgoing,0,20221130-PRO-OCF.json
01/12/2022,7252,437,mail_content_filter_outgoing,0,20221201-PRO-OCF.json
02/12/2022,7252,438,mail_content_filter_outgoing,0,20221202-PRO-OCF.json
03/12/2022,7235,423,mail_content_filter_outgoing,3,20221203-PRO-OCF.json
04/12/2022,7243,435,mail_content_filter_outgoing,4,20221204-PRO-OCF.json
05/12/2022,7237,422,mail_content_filter_outgoing,0,20221205-PRO-OCF.json
06/12/2022,7245,427,mail_content_filter_outgoing,1,20221206-PRO-OCF.json
07/12/2022,7245,435,mail_content_filter_outgoing,0,20221207-PRO-OCF.json
08/12/2022,7243,436,mail_content_filter_outgoing,2,20221208-PRO-OCF.json
09/12/2022,7241,437,mail_content_filter_outgoing,0,20221209-PRO-OCF.json
10/12/2022,7250,421,mail_content_filter_outgoing,0,20221210-PRO-OCF.json
11/12/2022,7255,432,mail_content_filter_outgoing,1,20221211-PRO-OCF.json
12/12/2022,7244,421,mail_content_filter_outgoing,7,20221212-PRO-OCF.json
13/12/2022,7242,420,mail_content_filter_outgoing,0,20221213-PRO-OCF.json
14/12/2022,7235,425,mail_content_filter_outgoing,0,20221214-PRO-OCF.json
15/12/2022,7243,430,mail_content_filter_outgoing,4,20221215-PRO-OCF.json
16/12/2022,7251,424,mail_content_filter_outgoing,3,20221216-PRO-OCF.json
17/12/2022,7236,426,mail_content_filter_outgoing,0,20221217-PRO-OCF.json
18/12/2022,7239,433,mail_content_filter_outgoing,0,20221218-PRO-OCF.json
19/12/2022,7253,425,mail_content_filter_outgoing,0,20221219-PRO-OCF.json
20/12/2022,7255,418,mail_content_filter_outgoing,1,20221220-PRO-OCF.json
21/12/2022,7247,435,mail_content_filter_outgoing,7,20221221-PRO-OCF.json
22/12/2022,7252,426,mail_content_filter_outgoing,0,20221222-PRO-OCF.json
23/12/2022,7240,429,mail_content_filter_outgoing,7,20221223-PRO-OCF.json
24/12/2022,7249,423,mail_content_filter_outgoing,6,20221224-PRO-OCF.json
25/12/2022,7252,426,mail_content_filter_outgoing,0,20221225-PRO-OCF.json
26/12/2022,7255,438,mail_content_filter_outgoing,0,20221226-PRO-OCF.json
27/12/2022,7253,430,mail_content_filter_outgoing,0,20221227-PRO-OCF.json
28/12/2022,7251,434,mail_content_filter_outgoing,0,20221228-PRO-OCF.json
29/12/2022,7250,420,mail_content_filter_outgoing,5,20221229-PRO-OCF.json
30/12/2022,7238,434,mail_content_filter_outgoing,3,20221230-PRO-OCF.json
31/12/2022,7248,437,mail_content_filter_outgoing,10,20221231-PRO-OCF.json
01/01/2023,7251,427,mail_content_filter_outgoing,5,20230101-PRO-OCF.json
02/01/2023,7241,435,mail_content_filter_outgoing,0,20230102-PRO-OCF.json
03/01/2023,7250,421,mail_content_filter_outgoing,0,20230103-PRO-OCF.json
04/01/2023,7237,423,mail_content_filter_outgoing,0,20230104-PRO-OCF.json
05/01/2023,7241,420,mail_content_filter_outgoing,8,20230105-PRO-OCF.json
06/01/2023,7238,420,mail_content_filter_outgoing,10,20230106-PRO-OCF.json
07/01/2023,7238,422,mail_content_filter_outgoing,6,20230107-PRO-OCF.json
08/01/2023,7248,430,mail_content_filter_outgoing,0,20230108-PRO-OCF.json
09/01/2023,7245,437,mail_content_filter_outgoing,0,20230109-PRO-OCF.json
10/01/2023,7238,421,mail_content_filter_outgoing,4,20230110-PRO-OCF.json
11/01/2023,7247,426,mail_content_filter_outgoing,0,20230111-PRO-OCF.json
12/01/2023,7239,432,mail_content_filter_outgoing,0,20230112-PRO-OCF.json
13/01/2023,7246,438,mail_content_filter_outgoing,0,20230113-PRO-OCF.json
14/01/2023,7242,422,mail_content_filter_outgoing,1,20230114-PRO-OCF.json
15/01/2023,7251,435,mail_content_filter_outgoing,0,20230115-PRO-OCF.json
16/01/2023,7252,436,mail_content_filter_outgoing,0,20230116-PRO-OCF.json
17/01/2023,7255,418,mail_content_filter_outgoing,0,20230117-PRO-OCF.json
18/01/2023,7251,434,mail_content_filter_outgoing,0,20230118-PRO-OCF.json
19/01/2023,7255,434,mail_content_filter_outgoing,5,20230119-PRO-OCF.json
20/01/2023,7236,429,mail_content_filter_outgoing,0,20230120-PRO-OCF.json
21/01/2023,7244,422,mail_content_filter_outgoing,9,20230121-PRO-OCF.json
22/01/2023,7244,419,mail_content_filter_outgoing,7,20230122-PRO-OCF.json
23/01/2023,7245,420,mail_content_filter_outgoing,4,20230123-PRO-OCF.json
24/01/2023,7254,424,mail_content_filter_outgoing,0,20230124-PRO-OCF.json
25/01/2023,7248,431,mail_content_filter_outgoing,6,20230125-PRO-OCF.json
26/01/2023,7236,436,mail_content_filter_outgoing,6,20230126-PRO-OCF.json
27/01/2023,7237,428,mail_content_filter_outgoing,0,20230127-PRO-OCF.json
28/01/2023,7242,421,mail_content_filter_outgoing,0,20230128-PRO-OCF.json
29/01/2023,7240,435,mail_content_filter_outgoing,2,20230129-PRO-OCF.json
30/01/2023,7251,425,mail_content_filter_outgoing,2,20230130-PRO-OCF.json
31/01/2023,7251,421,mail_content_filter_outgoing,0,20230131-PRO-OCF.json
01/02/2023,7241,426,mail_content_filter_outgoing,0,20230201-PRO-OCF.json
02/02/2023,7243,422,mail_content_filter_outgoing,3,20230202-PRO-OCF.json
03/02/2023,7249,438,mail_content_filter_outgoing,0,20230203-PRO-OCF.json
04/02/2023,7243,422,mail_content_filter_outgoing,8,20230204-PRO-OCF.json
05/02/2023,7246,427,mail_content_filter_outgoing,0,20230205-PRO-OCF.json
06/02/2023,7252,430,mail_content_filter_outgoing,0,20230206-PRO-OCF.json
07/02/2023,7251,430,mail_content_filter_outgoing,4,20230207-PRO-OCF.json
08/02/2023,7238,422,mail_content_filter_outgoing,0,20230208-PRO-OCF.json
09/02/2023,7242,418,mail_content_filter_outgoing,0,20230209-PRO-OCF.json
10/02/2023,7244,423,mail_content_filter_outgoing,0,20230210-PRO-OCF.json
11/02/2023,7249,429,mail_content_filter_outgoing,0,20230211-PRO-OCF.json
12/02/2023,7237,432,mail_content_filter_outgoing,5,20230212-PRO-OCF.json
13/02/2023,7245,425,mail_content_filter_outgoing,0,20230213-PRO-OCF.json
14/02/2023,7250,424,mail_content_filter_outgoing,0,20230214-PRO-OCF.json
15/02/2023,7244,437,mail_content_filter_outgoing,0,20230215-PRO-OCF.json
16/02/2023,7243,437,mail_content_filter_outgoing,8,20230216-PRO-OCF.json
17/02/2023,7244,436,mail_content_filter_outgoing,0,20230217-PRO-OCF.json
18/02/2023,7242,424,mail_content_filter_outgoing,0,20230218-PRO-OCF.json
19/02/2023,7239,425,mail_content_filter_outgoing,0,20230219-PRO-OCF.json
20/02/2023,7252,429,mail_content_filter_outgoing,9,20230220-PRO-OCF.json
21/02/2023,7245,433,mail_content_filter_outgoing,7,20230221-PRO-OCF.json
22/02/2023,7244,418,mail_content_filter_outgoing,0,20230222-PRO-OCF.json
23/02/2023,7254,429,mail_content_filter_outgoing,0,20230223-PRO-OCF.json
24/02/2023,7243,429,mail_content_filter_outgoing,1,20230224-PRO-OCF.json
25/02/2023,7239,430,mail_content_filter_outgoing,0,20230225-PRO-OCF.json
26/02/2023,7253,419,mail_content_filter_outgoing,4,20230226-PRO-OCF.json
27/02/2023,7245,423,mail_content_filter_outgoing,0,20230227-PRO-OCF.json
28/02/2023,7240,421,mail_content_filter_outgoing,5,20230228-PRO-OCF.json
01/03/2023,7255,428,mail_content_filter_outgoing,0,20230301-PRO-OCF.json
02/03/2023,7242,420,mail_content_filter_outgoing,10,20230302-PRO-OCF.json
03/03/2023,7245,432,mail_content_filter_outgoing,0,20230303-PRO-OCF.json
04/03/2023,7244,422,mail_content_filter_outgoing,0,20230304-PRO-OCF.json
05/03/2023,7245,432,mail_content_filter_outgoing,0,20230305-PRO-OCF.json
06/03/2023,7245,420,mail_content_filter_outgoing,1,20230306-PRO-OCF.json
07/03/2023,7243,420,mail_content_filter_outgoing,4,20230307-PRO-OCF.json
08/03/2023,7240,428,mail_content_filter_outgoing,0,20230308-PRO-OCF.json
09/03/2023,7239,430,mail_content_filter_outgoing,1,20230309-PRO-OCF.json
10/03/2023,7241,428,mail_content_filter_outgoing,0,20230310-PRO-OCF.json
11/03/2023,7247,431,mail_content_filter_outgoing,0,20230311-PRO-OCF.json
12/03/2023,7237,429,mail_content_filter_outgoing,1,20230312-PRO-OCF.json
13/03/2023,7244,426,mail_content_filter_outgoing,7,20230313-PRO-OCF.json
14/03/2023,7243,418,mail_content_filter_outgoing,0,20230314-PRO-OCF.json
15/03/2023,7248,435,mail_content_filter_outgoing,5,20230315-PRO-OCF.json
16/03/2023,7250,421,mail_content_filter_outgoing,0,20230316-PRO-OCF.json
17/03/2023,7248,436,mail_content_filter_outgoing,9,20230317-PRO-OCF.json
18/03/2023,7244,423,mail_content_filter_outgoing,0,20230318-PRO-OCF.json
19/03/2023,7243,436,mail_content_filter_outgoing,6,20230319-PRO-OCF.json
20/03/2023,7236,429,mail_content_filter_outgoing,0,20230320-PRO-OCF.json
21/03/2023,7255,428,mail_content_filter_outgoing,0,20230321-PRO-OCF.json
22/03/2023,7242,437,mail_content_filter_outgoing,9,20230322-PRO-OCF.json
23/03/2023,7239,420,mail_content_filter_outgoing,9,20230323-PRO-OCF.json
24/03/2023,7248,427,mail_content_filter_outgoing,0,20230324-PRO-OCF.json
25/03/2023,7252,435,mail_content_filter_outgoing,2,20230325-PRO-OCF.json
26/03/2023,7244,429,mail_content_filter_outgoing,6,20230326-PRO-OCF.json
27/03/2023,7248,435,mail_content_filter_outgoing,8,20230327-PRO-OCF.json
28/03/2023,7236,431,mail_content_filter_outgoing,2,20230328-PRO-OCF.json
29/03/2023,7254,427,mail_content_filter_outgoing,0,20230329-PRO-OCF.json
30/03/2023,7249,430,mail_content_filter_outgoing,0,20230330-PRO-OCF.json
31/03/2023,7253,425,mail_content_filter_outgoing,4,20230331-PRO-OCF.json
01/04/2023,7237,422,mail_content_filter_outgoing,0,20230401-PRO-OCF.json
02/04/2023,7255,428,mail_content_filter_outgoing,3,20230402-PRO-OCF.json
03/04/2023,7252,435,mail_content_filter_outgoing,0,20230403-PRO-OCF.json
04/04/2023,7242,437,mail_content_filter_outgoing,0,20230404-PRO-OCF.json
05/04/2023,7244,424,mail_content_filter_outgoing,3,20230405-PRO-OCF.json
06/04/2023,7250,424,mail_content_filter_outgoing,0,20230406-PRO-OCF.json
07/04/2023,7255,425,mail_content_filter_outgoing,0,20230407-PRO-OCF.json
08/04/2023,7248,425,mail_content_filter_outgoing,0,20230408-PRO-OCF.json
09/04/2023,7241,422,mail_content_filter_outgoing,0,20230409-PRO-OCF.json
10/04/2023,7248,432,mail_content_filter_outgoing,0,20230410-PRO-OCF.json
11/04/2023,7252,433,mail_content_filter_outgoing,5,20230411-PRO-OCF.json
12/04/2023,7242,435,mail_content_filter_outgoing,6,20230412-PRO-OCF.json
13/04/2023,7235,436,mail_content_filter_outgoing,0,20230413-PRO-OCF.json
14/04/2023,7248,419,mail_content_filter_outgoing,1,20230414-PRO-OCF.json
15/04/2023,7239,431,mail_content_filter_outgoing,0,20230415-PRO-OCF.json
16/04/2023,7253,435,mail_content_filter_outgoing,0,20230416-PRO-OCF.json
17/04/2023,7243,424,mail_content_filter_outgoing,0,20230417-PRO-OCF.json
18/04/2023,7240,419,mail_content_filter_outgoing,4,20230418-PRO-OCF.json
19/04/2023,7244,426,mail_content_filter_outgoing,8,20230419-PRO-OCF.json
20/04/2023,7248,430,mail_content_filter_outgoing,0,20230420-PRO-OCF.json
21/04/2023,7255,422,mail_content_filter_outgoing,0,20230421-PRO-OCF.json
22/04/2023,7243,418,mail_content_filter_outgoing,1,20230422-PRO-OCF.json
23/04/2023,7246,418,mail_content_filter_outgoing,10,20230423-PRO-OCF.json
24/04/2023,7240,432,mail_content_filter_outgoing,2,20230424-PRO-OCF.json
25/04/2023,7255,425,mail_content_filter_outgoing,0,20230425-PRO-OCF.json
26/04/2023,7237,434,mail_content_filter_outgoing,0,20230426-PRO-OCF.json
27/04/2023,7238,431,mail_content_filter_outgoing,0,20230427-PRO-OCF.json
28/04/2023,7239,429,mail_content_filter_outgoing,2,20230428-PRO-OCF.json
29/04/2023,7250,420,mail_content_filter_outgoing,9,20230429-PRO-OCF.json
30/04/2023,7254,427,mail_content_filter_outgoing,2,20230430-PRO-OCF.json
01/05/2023,7245,426,mail_content_filter_outgoing,0,20230501-PRO-OCF.json
02/05/2023,7245,419,mail_content_filter_outgoing,4,20230502-PRO-OCF.json
03/05/2023,7244,428,mail_content_filter_outgoing,10,20230503-PRO-OCF.json
04/05/2023,7242,423,mail_content_filter_outgoing,0,20230504-PRO-OCF.json
05/05/2023,7253,432,mail_content_filter_outgoing,6,20230505-PRO-OCF.json
06/05/2023,7255,430,mail_content_filter_outgoing,0,20230506-PRO-OCF.json
07/05/2023,7242,429,mail_content_filter_outgoing,9,20230507-PRO-OCF.json
08/05/2023,7254,423,mail_content_filter_outgoing,2,20230508-PRO-OCF.json
09/05/2023,7253,427,mail_content_filter_outgoing,0,20230509-PRO-OCF.json
10/05/2023,7248,433,mail_content_filter_outgoing,5,20230510-PRO-OCF.json
11/05/2023,7246,426,mail_content_filter_outgoing,6,20230511-PRO-OCF.json
12/05/2023,7245,435,mail_content_filter_outgoing,6,20230512-PRO-OCF.json
13/05/2023,7239,433,mail_content_filter_outgoing,0,20230513-PRO-OCF.json
14/05/2023,7237,427,mail_content_filter_outgoing,0,20230514-PRO-OCF.json
15/05/2023,7250,419,mail_content_filter_outgoing,6,20230515-PRO-OCF.json
16/05/2023,7246,422,mail_content_filter_outgoing,0,20230516-PRO-OCF.json
17/05/2023,7243,419,mail_content_filter_outgoing,4,20230517-PRO-OCF.json
18/05/2023,7237,434,mail_content_filter_outgoing,8,20230518-PRO-OCF.json
19/05/2023,7252,434,mail_content_filter_outgoing,0,20230519-PRO-OCF.json
20/05/2023,7240,418,mail_content_filter_outgoing,0,20230520-PRO-OCF.json
21/05/2023,7238,425,mail_content_filter_outgoing,10,20230521-PRO-OCF.json
22/05/2023,7240,427,mail_content_filter_outgoing,0,20230522-PRO-OCF.json
23/05/2023,7251,423,mail_content_filter_outgoing,0,20230523-PRO-OCF.json
24/05/2023,7251,426,mail_content_filter_outgoing,0,20230524-PRO-OCF.json
25/05/2023,7236,429,mail_content_filter_outgoing,9,20230525-PRO-OCF.json
26/05/2023,7244,438,mail_content_filter_outgoing,0,20230526-PRO-OCF.json
27/05/2023,7242,425,mail_content_filter_outgoing,0,20230527-PRO-OCF.json
28/05/2023,7249,426,mail_content_filter_outgoing,0,20230528-PRO-OCF.json
29/05/2023,7239,425,mail_content_filter_outgoing,4,20230529-PRO-OCF.json
30/05/2023,7255,433,mail_content_filter_outgoing,0,20230530-PRO-OCF.json
31/05/2023,7243,430,mail_content_filter_outgoing,5,20230531-PRO-OCF.json
01/06/2023,7247,425,mail_content_filter_outgoing,8,20230601-PRO-OCF.json
02/06/2023,7236,436,mail_content_filter_outgoing,6,20230602-PRO-OCF.json
03/06/2023,7252,432,mail_content_filter_outgoing,2,20230603-PRO-OCF.json
04/06/2023,7244,434,mail_content_filter_outgoing,9,20230604-PRO-OCF.json
05/06/2023,7245,427,mail_content_filter_outgoing,6,20230605-PRO-OCF.json
06/06/2023,7244,423,mail_content_filter_outgoing,0,20230606-PRO-OCF.json
07/06/2023,7254,425,mail_content_filter_outgoing,0,20230607-PRO-OCF.json
08/06/2023,7252,432,mail_content_filter_outgoing,0,20230608-PRO-OCF.json
09/06/2023,7242,437,mail_content_filter_outgoing,0,20230609-PRO-OCF.json
10/06/2023,7249,433,mail_content_filter_outgoing,0,20230610-PRO-OCF.json
11/06/2023,7252,428,mail_content_filter_outgoing,0,20230611-PRO-OCF.json
12/06/2023,7239,424,mail_content_filter_outgoing,0,20230612-PRO-OCF.json
13/06/2023,7243,425,mail_content_filter_outgoing,6,20230613-PRO-OCF.json
14/06/2023,7250,433,mail_content_filter_outgoing,2,20230614-PRO-OCF.json
15/06/2023,7239,436,mail_content_filter_outgoing,9,20230615-PRO-OCF.json
16/06/2023,7240,430,mail_content_filter_outgoing,0,20230616-PRO-OCF.json
17/06/2023,7236,434,mail_content_filter_outgoing,5,20230617-PRO-OCF.json
18/06/2023,7246,437,mail_content_filter_outgoing,0,20230618-PRO-OCF.json
19/06/2023,7236,429,mail_content_filter_outgoing,0,20230619-PRO-OCF.json
20/06/2023,7237,428,mail_content_filter_outgoing,0,20230620-PRO-OCF.json
21/06/2023,7244,427,mail_content_filter_outgoing,0,20230621-PRO-OCF.json
22/06/2023,7248,435,mail_content_filter_outgoing,0,20230622-PRO-OCF.json
23/06/2023,7236,427,mail_content_filter_outgoing,0,20230623-PRO-OCF.json
24/06/2023,7255,430,mail_content_filter_outgoing,3,20230624-PRO-OCF.json
25/06/2023,7240,434,mail_content_filter_outgoing,7,20230625-PRO-OCF.json
26/06/2023,7240,419,mail_content_filter_outgoing,0,20230626-PRO-OCF.json
27/06/2023,7236,424,mail_content_filter_outgoing,0,20230627-PRO-OCF.json
28/06/2023,7239,423,mail_content_filter_outgoing,0,20230628-PRO-OCF.json
29/06/2023,7253,435,mail_content_filter_outgoing,1,20230629-PRO-OCF.json
30/06/2023,7248,426,mail_content_filter_outgoing,4,20230630-PRO-OCF.json
01/07/2023,7252,428,mail_content_filter_outgoing,0,20230701-PRO-OCF.json
02/07/2023,7255,418,mail_content_filter_outgoing,0,20230702-PRO-OCF.json
03/07/2023,7237,422,mail_content_filter_outgoing,7,20230703-PRO-OCF.json
04/07/2023,7249,418,mail_content_filter_outgoing,6,20230704-PRO-OCF.json
05/07/2023,7250,424,mail_content_filter_outgoing,7,20230705-PRO-OCF.json
06/07/2023,7237,420,mail_content_filter_outgoing,0,20230706-PRO-OCF.json
07/07/2023,7241,437,mail_content_filter_outgoing,8,20230707-PRO-OCF.json
08/07/2023,7250,418,mail_content_filter_outgoing,0,20230708-PRO-OCF.json
09/07/2023,7239,435,mail_content_filter_outgoing,0,20230709-PRO-OCF.json
10/07/2023,7240,430,mail_content_filter_outgoing,0,20230710-PRO-OCF.json
11/07/2023,7249,431,mail_content_filter_outgoing,0,20230711-PRO-OCF.json
12/07/2023,7235,424,mail_content_filter_outgoing,8,20230712-PRO-OCF.json
13/07/2023,7242,422,mail_content_filter_outgoing,4,20230713-PRO-OCF.json
14/07/2023,7236,436,mail_content_filter_outgoing,0,20230714-PRO-OCF.json
15/07/2023,7239,425,mail_content_filter_outgoing,5,20230715-PRO-OCF.json
16/07/2023,7246,418,mail_content_filter_outgoing,0,20230716-PRO-OCF.json
17/07/2023,7246,434,mail_content_filter_outgoing,6,20230717-PRO-OCF.json
18/07/2023,7247,418,mail_content_filter_outgoing,0,20230718-PRO-OCF.json
19/07/2023,7242,421,mail_content_filter_outgoing,0,20230719-PRO-OCF.json
20/07/2023,7248,428,mail_content_filter_outgoing,0,20230720-PRO-OCF.json
21/07/2023,7247,430,mail_content_filter_outgoing,0,20230721-PRO-OCF.json
22/07/2023,7250,436,mail_content_filter_outgoing,10,20230722-PRO-OCF.json
23/07/2023,7238,435,mail_content_filter_outgoing,0,20230723-PRO-OCF.json
24/07/2023,7243,425,mail_content_filter_outgoing,0,20230724-PRO-OCF.json
25/07/2023,7235,431,mail_content_filter_outgoing,8,20230725-PRO-OCF.json
26/07/2023,7239,427,mail_content_filter_outgoing,0,20230726-PRO-OCF.json
27/07/2023,7247,420,mail_content_filter_outgoing,4,20230727-PRO-OCF.json
28/07/2023,7244,421,mail_content_filter_outgoing,0,20230728-PRO-OCF.json
29/07/2023,7255,427,mail_content_filter_outgoing,0,20230729-PRO-OCF.json
30/07/2023,7245,420,mail_content_filter_outgoing,9,20230730-PRO-OCF.json
31/07/2023,7236,425,mail_content_filter_outgoing,6,20230731-PRO-OCF.json
01/08/2023,7245,423,mail_content_filter_outgoing,2,20230801-PRO-OCF.json
02/08/2023,7236,428,mail_content_filter_outgoing,0,20230802-PRO-OCF.json
03/08/2023,7245,427,mail_content_filter_outgoing,7,20230803-PRO-OCF.json
04/08/2023,7255,420,mail_content_filter_outgoing,3,20230804-PRO-OCF.json
05/08/2023,7250,420,mail_content_filter_outgoing,7,20230805-PRO-OCF.json
06/08/2023,7250,420,mail_content_filter_outgoing,9,20230806-PRO-OCF.json
07/08/2023,7236,438,mail_content_filter_outgoing,5,20230807-PRO-OCF.json
08/08/2023,7239,425,mail_content_filter_outgoing,8,20230808-PRO-OCF.json
09/08/2023,7254,435,mail_content_filter_outgoing,0,20230809-PRO-OCF.json
10/08/2023,7243,428,mail_content_filter_outgoing,0,20230810-PRO-OCF.json
11/08/2023,7238,424,mail_content_filter_outgoing,1,20230811-PRO-OCF.json
12/08/2023,7248,426,mail_content_filter_outgoing,6,20230812-PRO-OCF.json
13/08/2023,7242,438,mail_content_filter_outgoing,5,20230813-PRO-OCF.json
14/08/2023,7241,434,mail_content_filter_outgoing,0,20230814-PRO-OCF.json
15/08/2023,7251,425,mail_content_filter_outgoing,0,20230815-PRO-OCF.json
16/08/2023,7242,438,mail_content_filter_outgoing,0,20230816-PRO-OCF.json
17/08/2023,7241,427,mail_content_filter_outgoing,0,20230817-PRO-OCF.json
18/08/2023,7241,431,mail_content_filter_outgoing,2,20230818-PRO-OCF.json
19/08/2023,7247,424,mail_content_filter_outgoing,0,20230819-PRO-OCF.json
20/08/2023,7239,418,mail_content_filter_outgoing,0,20230820-PRO-OCF.json
21/08/2023,7241,418,mail_content_filter_outgoing,2,20230821-PRO-OCF.json
22/08/2023,7242,438,mail_content_filter_outgoing,0,20230822-PRO-OCF.json
23/08/2023,7251,419,mail_content_filter_outgoing,9,20230823-PRO-OCF.json
24/08/2023,7255,425,mail_content_filter_outgoing,9,20230824-PRO-OCF.json
25/08/2023,7244,418,mail_content_filter_outgoing,0,20230825-PRO-OCF.json
26/08/2023,7238,430,mail_content_filter_outgoing,0,20230826-PRO-OCF.json
27/08/2023,7255,420,mail_content_filter_outgoing,0,20230827-PRO-OCF.json
28/08/2023,7246,427,mail_content_filter_outgoing,5,20230828-PRO-OCF.json
29/08/2023,7235,438,mail_content_filter_outgoing,3,20230829-PRO-OCF.json
30/08/2023,7238,438,mail_content_filter_outgoing,1,20230830-PRO-OCF.json
31/08/2023,7246,433,mail_content_filter_outgoing,1,20230831-PRO-OCF.json
01/09/2023,7240,428,mail_content_filter_outgoing,0,20230901-PRO-OCF.json
02/09/2023,7237,432,mail_content_filter_outgoing,0,20230902-PRO-OCF.json
03/09/2023,7247,422,mail_content_filter_outgoing,0,20230903-PRO-OCF.json
04/09/2023,7254,419,mail_content_filter_outgoing,0,20230904-PRO-OCF.json
05/09/2023,7252,426,mail_content_filter_outgoing,0,20230905-PRO-OCF.json
06/09/2023,7252,428,mail_content_filter_outgoing,0,20230906-PRO-OCF.json
07/09/2023,7249,418,mail_content_filter_outgoing,2,20230907-PRO-OCF.json
08/09/2023,7244,430,mail_content_filter_outgoing,0,20230908-PRO-OCF.json
09/09/2023,7251,435,mail_content_filter_outgoing,10,20230909-PRO-OCF.json
10/09/2023,7248,431,mail_content_filter_outgoing,7,20230910-PRO-OCF.json
11/09/2023,7237,419,mail_content_filter_outgoing,0,20230911-PRO-OCF.json
12/09/2023,7250,438,mail_content_filter_outgoing,8,20230912-PRO-OCF.json
13/09/2023,7250,422,mail_content_filter_outgoing,0,20230913-PRO-OCF.json
14/09/2023,7243,425,mail_content_filter_outgoing,10,20230914-PRO-OCF.json
15/09/2023,7241,431,mail_content_filter_outgoing,0,20230915-PRO-OCF.json
16/09/2023,7238,432,mail_content_filter_outgoing,0,20230916-PRO-OCF.json
17/09/2023,7239,423,mail_content_filter_outgoing,0,20230917-PRO-OCF.json
18/09/2023,7252,425,mail_content_filter_outgoing,1,20230918-PRO-OCF.json
19/09/2023,7255,429,mail_content_filter_outgoing,10,20230919-PRO-OCF.json
20/09/2023,7255,431,mail_content_filter_outgoing,0,20230920-PRO-OCF.json
21/09/2023,7245,419,mail_content_filter_outgoing,0,20230921-PRO-OCF.json
22/09/2023,7240,436,mail_content_filter_outgoing,5,20230922-PRO-OCF.json
23/09/2023,7247,434,mail_content_filter_outgoing,0,20230923-PRO-OCF.json
24/09/2023,7247,434,mail_content_filter_outgoing,0,20230924-PRO-OCF.json
25/09/2023,7247,421,mail_content_filter_outgoing,9,20230925-PRO-OCF.json
26/09/2023,7252,431,mail_content_filter_outgoing,0,20230926-PRO-OCF.json
27/09/2023,7247,438,mail_content_filter_outgoing,0,20230927-PRO-OCF.json
28/09/2023,7255,436,mail_content_filter_outgoing,8,20230928-PRO-OCF.json
29/09/2023,7243,433,mail_content_filter_outgoing,3,20230929-PRO-OCF.json
30/09/2023,7250,422,mail_content_filter_outgoing,0,20230930-PRO-OCF.json
01/10/2023,7244,438,mail_content_filter_outgoing,0,20231001-PRO-OCF.json
02/10/2023,7252,437,mail_content_filter_outgoing,0,20231002-PRO-OCF.json
03/10/2023,7239,435,mail_content_filter_outgoing,6,20231003-PRO-OCF.json
04/10/2023,7245,418,mail_content_filter_outgoing,10,20231004-PRO-OCF.json
05/10/2023,7246,422,mail_content_filter_outgoing,5,20231005-PRO-OCF.json
06/10/2023,7242,427,mail_content_filter_outgoing,6,20231006-PRO-OCF.json
07/10/2023,7255,418,mail_content_filter_outgoing,0,20231007-PRO-OCF.json
08/10/2023,7242,418,mail_content_filter_outgoing,0,20231008-PRO-OCF.json
09/10/2023,7237,434,mail_content_filter_outgoing,0,20231009-PRO-OCF.json
10/10/2023,7249,425,mail_content_filter_outgoing,0,20231010-PRO-OCF.json
11/10/2023,7235,431,mail_content_filter_outgoing,0,20231011-PRO-OCF.json
12/10/2023,7241,435,mail_content_filter_outgoing,4,20231012-PRO-OCF.json
13/10/2023,7241,430,mail_content_filter_outgoing,0,20231013-PRO-OCF.json
14/10/2023,7248,428,mail_content_filter_outgoing,2,20231014-PRO-OCF.json
15/10/2023,7247,423,mail_content_filter_outgoing,3,20231015-PRO-OCF.json
16/10/2023,7255,434,mail_content_filter_outgoing,0,20231016-PRO-OCF.json
17/10/2023,7252,422,mail_content_filter_outgoing,0,20231017-PRO-OCF.json
18/10/2023,7255,424,mail_content_filter_outgoing,10,20231018-PRO-OCF.json
19/10/2023,7245,422,mail_content_filter_outgoing,0,20231019-PRO-OCF.json
20/10/2023,7235,420,mail_content_filter_outgoing,4,20231020-PRO-OCF.json
21/10/2023,7244,437,mail_content_filter_outgoing,0,20231021-PRO-OCF.json
22/10/2023,7246,424,mail_content_filter_outgoing,0,20231022-PRO-OCF.json
23/10/2023,7248,421,mail_content_filter_outgoing,7,20231023-PRO-OCF.json
24/10/2023,7237,429,mail_content_filter_outgoing,7,20231024-PRO-OCF.json
25/10/2023,7237,422,mail_content_filter_outgoing,7,20231025-PRO-OCF.json
26/10/2023,7237,438,mail_content_filter_outgoing,5,20231026-PRO-OCF.json
27/10/2023,7241,436,mail_content_filter_outgoing,0,20231027-PRO-OCF.json
28/10/2023,7253,425,mail_content_filter_outgoing,0,20231028-PRO-OCF.json
29/10/2023,7252,430,mail_content_filter_outgoing,0,20231029-PRO-OCF.json
30/10/2023,7237,433,mail_content_filter_outgoing,1,20231030-PRO-OCF.json
31/10/2023,7249,418,mail_content_filter_outgoing,0,20231031-PRO-OCF.json
01/11/2023,7246,437,mail_content_filter_outgoing,0,20231101-PRO-OCF.json
02/11/2023,7239,427,mail_content_filter_outgoing,0,20231102-PRO-OCF.json
03/11/2023,7248,423,mail_content_filter_outgoing,0,20231103-PRO-OCF.json
04/11/2023,7238,425,mail_content_filter_outgoing,0,20231104-PRO-OCF.json
05/11/2023,7251,419,mail_content_filter_outgoing,5,20231105-PRO-OCF.json
06/11/2023,7236,436,mail_content_filter_outgoing,0,20231106-PRO-OCF.json
07/11/2023,7235,432,mail_content_filter_outgoing,6,20231107-PRO-OCF.json
08/11/2023,7241,425,mail_content_filter_outgoing,5,20231108-PRO-OCF.json
09/11/2023,7244,437,mail_content_filter_outgoing,0,20231109-PRO-OCF.json
10/11/2023,7251,435,mail_content_filter_outgoing,0,20231110-PRO-OCF.json
11/11/2023,7245,430,mail_content_filter_outgoing,9,20231111-PRO-OCF.json
12/11/2023,7243,418,mail_content_filter_outgoing,0,20231112-PRO-OCF.json
13/11/2023,7247,438,mail_content_filter_outgoing,10,20231113-PRO-OCF.json
14/11/2023,7241,425,mail_content_filter_outgoing,1,20231114-PRO-OCF.json
15/11/2023,7239,428,mail_content_filter_outgoing,0,20231115-PRO-OCF.json
16/11/2023,7236,435,mail_content_filter_outgoing,6,20231116-PRO-OCF.json
17/11/2023,7249,431,mail_content_filter_outgoing,0,20231117-PRO-OCF.json
18/11/2023,7250,437,mail_content_filter_outgoing,0,20231118-PRO-OCF.json
19/11/2023,7252,427,mail_content_filter_outgoing,0,20231119-PRO-OCF.json
20/11/2023,7235,429,mail_content_filter_outgoing,0,20231120-PRO-OCF.json
21/11/2023,7249,418,mail_content_filter_outgoing,0,20231121-PRO-OCF.json
22/11/2023,7240,428,mail_content_filter_outgoing,0,20231122-PRO-OCF.json
23/11/2023,7252,436,mail_content_filter_outgoing,1,20231123-PRO-OCF.json
24/11/2023,7249,430,mail_content_filter_outgoing,0,20231124-PRO-OCF.json
25/11/2023,7250,434,mail_content_filter_outgoing,0,20231125-PRO-OCF.json
26/11/2023,7244,431,mail_content_filter_outgoing,9,20231126-PRO-OCF.json
27/11/2023,7241,428,mail_content_filter_outgoing,3,20231127-PRO-OCF.json
28/11/2023,7241,425,mail_content_filter_outgoing,0,20231128-PRO-OCF.json
29/11/2023,7248,418,mail_content_filter_outgoing,10,20231129-PRO-OCF.json
30/11/2023,7241,420,mail_content_filter_outgoing,10,20231130-PRO-OCF.json
01/12/2023,7237,420,mail_content_filter_outgoing,0,20231201-PRO-OCF.json
02/12/2023,7242,432,mail_content_filter_outgoing,3,20231202-PRO-OCF.json
03/12/2023,7254,435,mail_content_filter_outgoing,0,20231203-PRO-OCF.json
04/12/2023,7243,429,mail_content_filter_outgoing,0,20231204-PRO-OCF.json
05/12/2023,7235,431,mail_content_filter_outgoing,0,20231205-PRO-OCF.json
06/12/2023,7240,428,mail_content_filter_outgoing,0,20231206-PRO-OCF.json
07/12/2023,7235,431,mail_content_filter_outgoing,0,20231207-PRO-OCF.json
08/12/2023,7247,438,mail_content_filter_outgoing,4,20231208-PRO-OCF.json
09/12/2023,7254,419,mail_content_filter_outgoing,0,20231209-PRO-OCF.json
10/12/2023,7251,438,mail_content_filter_outgoing,6,20231210-PRO-OCF.json
11/12/2023,7237,422,mail_content_filter_outgoing,10,20231211-PRO-OCF.json
12/12/2023,7253,436,mail_content_filter_outgoing,0,20231212-PRO-OCF.json
13/12/2023,7255,434,mail_content_filter_outgoing,0,20231213-PRO-OCF.json
14/12/2023,7250,423,mail_content_filter_outgoing,0,20231214-PRO-OCF.json
15/12/2023,7238,426,mail_content_filter_outgoing,1,20231215-PRO-OCF.json
16/12/2023,7237,437,mail_content_filter_outgoing,3,20231216-PRO-OCF.json
17/12/2023,7253,428,mail_content_filter_outgoing,0,20231217-PRO-OCF.json
18/12/2023,7252,424,mail_content_filter_outgoing,10,20231218-PRO-OCF.json
19/12/2023,7250,432,mail_content_filter_outgoing,0,20231219-PRO-OCF.json
20/12/2023,7251,425,mail_content_filter_outgoing,0,20231220-PRO-OCF.json
21/12/2023,7242,428,mail_content_filter_outgoing,0,20231221-PRO-OCF.json
22/12/2023,7242,424,mail_content_filter_outgoing,0,20231222-PRO-OCF.json
23/12/2023,7241,438,mail_content_filter_outgoing,8,20231223-PRO-OCF.json
24/12/2023,7242,432,mail_content_filter_outgoing,0,20231224-PRO-OCF.json
25/12/2023,7241,422,mail_content_filter_outgoing,3,20231225-PRO-OCF.json
26/12/2023,7242,426,mail_content_filter_outgoing,1,20231226-PRO-OCF.json
27/12/2023,7237,431,mail_content_filter_outgoing,0,20231227-PRO-OCF.json
28/12/2023,7236,429,mail_content_filter_outgoing,0,20231228-PRO-OCF.json
29/12/2023,7255,425,mail_content_filter_outgoing,0,20231229-PRO-OCF.json
30/12/2023,7238,435,mail_content_filter_outgoing,0,20231230-PRO-OCF.json
31/12/2023,7254,429,mail_content_filter_outgoing,0,20231231-PRO-OCF.json
01/01/2024,7235,434,mail_content_filter_outgoing,0,20240101-PRO-OCF.json
02/01/2024,7241,433,mail_content_filter_outgoing,9,20240102-PRO-OCF.json
03/01/2024,7250,431,mail_content_filter_outgoing,2,20240103-PRO-OCF.json
04/01/2024,7254,431,mail_content_filter_outgoing,9,20240104-PRO-OCF.json
05/01/2024,7249,433,mail_content_filter_outgoing,5,20240105-PRO-OCF.json
06/01/2024,7244,431,mail_content_filter_outgoing,1,20240106-PRO-OCF.json
07/01/2024,7252,418,mail_content_filter_outgoing,7,20240107-PRO-OCF.json
08/01/2024,7253,430,mail_content_filter_outgoing,0,20240108-PRO-OCF.json
09/01/2024,7243,433,mail_content_filter_outgoing,0,20240109-PRO-OCF.json
10/01/2024,7252,429,mail_content_filter_outgoing,2,20240110-PRO-OCF.json
11/01/2024,7240,438,mail_content_filter_outgoing,5,20240111-PRO-OCF.json
12/01/2024,7246,437,mail_content_filter_outgoing,10,20240112-PRO-OCF.json
13/01/2024,7251,428,mail_content_filter_outgoing,9,20240113-PRO-OCF.json
14/01/2024,7245,418,mail_content_filter_outgoing,0,20240114-PRO-OCF.json
15/01/2024,7251,421,mail_content_filter_outgoing,8,20240115-PRO-OCF.json
16/01/2024,7254,433,mail_content_filter_outgoing,9,20240116-PRO-OCF.json
17/01/2024,7246,431,mail_content_filter_outgoing,0,20240117-PRO-OCF.json
18/01/2024,7244,419,mail_content_filter_outgoing,0,20240118-PRO-OCF.json
19/01/2024,7237,435,mail_content_filter_outgoing,5,20240119-PRO-OCF.json
20/01/2024,7247,420,mail_content_filter_outgoing,0,20240120-PRO-OCF.json
21/01/2024,7255,436,mail_content_filter_outgoing,0,20240121-PRO-OCF.json
22/01/2024,7238,421,mail_content_filter_outgoing,0,20240122-PRO-OCF.json
23/01/2024,7242,430,mail_content_filter_outgoing,10,20240123-PRO-OCF.json
24/01/2024,7237,438,mail_content_filter_outgoing,0,20240124-PRO-OCF.json
25/01/2024,7254,421,mail_content_filter_outgoing,5,20240125-PRO-OCF.json
26/01/2024,7235,421,mail_content_filter_outgoing,0,20240126-PRO-OCF.json
27/01/2024,7244,434,mail_content_filter_outgoing,9,20240127-PRO-OCF.json
28/01/2024,7241,429,mail_content_filter_outgoing,0,20240128-PRO-OCF.json
29/01/2024,7250,433,mail_content_filter_outgoing,5,20240129-PRO-OCF.json
30/01/2024,7243,437,mail_content_filter_outgoing,0,20240130-PRO-OCF.json
31/01/2024,7242,427,mail_content_filter_outgoing,0,20240131-PRO-OCF.json
01/02/2024,7246,433,mail_content_filter_outgoing,7,20240201-PRO-OCF.json
02/02/2024,7254,421,mail_content_filter_outgoing,0,20240202-PRO-OCF.json
03/02/2024,7248,430,mail_content_filter_outgoing,5,20240203-PRO-OCF.json
04/02/2024,7249,438,mail_content_filter_outgoing,0,20240204-PRO-OCF.json
05/02/2024,7237,429,mail_content_filter_outgoing,0,20240205-PRO-OCF.json
06/02/2024,7241,425,mail_content_filter_outgoing,0,20240206-PRO-OCF.json
07/02/2024,7239,421,mail_content_filter_outgoing,0,20240207-PRO-OCF.json
08/02/2024,7242,419,mail_content_filter_outgoing,0,20240208-PRO-OCF.json
09/02/2024,7243,423,mail_content_filter_outgoing,0,20240209-PRO-OCF.json
10/02/2024,7238,434,mail_content_filter_outgoing,4,20240210-PRO-OCF.json
11/02/2024,7250,419,mail_content_filter_outgoing,0,20240211-PRO-OCF.json
12/02/2024,7243,422,mail_content_filter_outgoing,3,20240212-PRO-OCF.json
13/02/2024,7253,425,mail_content_filter_outgoing,0,20240213-PRO-OCF.json
14/02/2024,7239,429,mail_content_filter_outgoing,0,20240214-PRO-OCF.json
15/02/2024,7247,425,mail_content_filter_outgoing,6,20240215-PRO-OCF.json
16/02/2024,7242,421,mail_content_filter_outgoing,0,20240216-PRO-OCF.json
17/02/2024,7237,428,mail_content_filter_outgoing,9,20240217-PRO-OCF.json
18/02/2024,7244,422,mail_content_filter_outgoing,0,20240218-PRO-OCF.json
19/02/2024,7254,434,mail_content_filter_outgoing,0,20240219-PRO-OCF.json
20/02/2024,7241,418,mail_content_filter_outgoing,0,20240220-PRO-OCF.json
21/02/2024,7243,423,mail_content_filter_outgoing,5,20240221-PRO-OCF.json
22/02/2024,7250,431,mail_content_filter_outgoing,2,20240222-PRO-OCF.json
23/02/2024,7243,425,mail_content_filter_outgoing,0,20240223-PRO-OCF.json
24/02/2024,7239,428,mail_content_filter_outgoing,2,20240224-PRO-OCF.json
25/02/2024,7248,431,mail_content_filter_outgoing,0,20240225-PRO-OCF.json
26/02/2024,7239,433,mail_content_filter_outgoing,5,20240226-PRO-OCF.json
27/02/2024,7254,419,mail_content_filter_outgoing,0,20240227-PRO-OCF.json
28/02/2024,7241,424,mail_content_filter_outgoing,7,20240228-PRO-OCF.json
29/02/2024,7248,418,mail_content_filter_outgoing,0,20240229-PRO-OCF.json
01/03/2024,7246,419,mail_content_filter_outgoing,0,20240301-PRO-OCF.json
02/03/2024,7242,438,mail_content_filter_outgoing,0,20240302-PRO-OCF.json
03/03/2024,7243,433,mail_content_filter_outgoing,3,20240303-PRO-OCF.json
04/03/2024,7235,418,mail_content_filter_outgoing,0,20240304-PRO-OCF.json
05/03/2024,7249,430,mail_content_filter_outgoing,0,20240305-PRO-OCF.json
06/03/2024,7245,428,mail_content_filter_outgoing,0,20240306-PRO-OCF.json
07/03/2024,7236,429,mail_content_filter_outgoing,0,20240307-PRO-OCF.json
08/03/2024,7237,433,mail_content_filter_outgoing,4,20240308-PRO-OCF.json
09/03/2024,7247,429,mail_content_filter_outgoing,0,20240309-PRO-OCF.json
10/03/2024,7245,433,mail_content_filter_outgoing,10,20240310-PRO-OCF.json
11/03/2024,7245,424,mail_content_filter_outgoing,0,20240311-PRO-OCF.json
12/03/2024,7252,431,mail_content_filter_outgoing,6,20240312-PRO-OCF.json
13/03/2024,7253,433,mail_content_filter_outgoing,9,20240313-PRO-OCF.json
14/03/2024,7236,434,mail_content_filter_outgoing,1,20240314-PRO-OCF.json
15/03/2024,7236,435,mail_content_filter_outgoing,0,20240315-PRO-OCF.json
16/03/2024,7242,419,mail_content_filter_outgoing,6,20240316-PRO-OCF.json
17/03/2024,7242,424,mail_content_filter_outgoing,10,20240317-PRO-OCF.json
18/03/2024,7252,437,mail_content_filter_outgoing,0,20240318-PRO-OCF.json
19/03/2024,7243,431,mail_content_filter_outgoing,0,20240319-PRO-OCF.json
20/03/2024,7253,428,mail_content_filter_outgoing,3,20240320-PRO-OCF.json
21/03/2024,7237,436,mail_content_filter_outgoing,6,20240321-PRO-OCF.json
22/03/2024,7237,435,mail_content_filter_outgoing,0,20240322-PRO-OCF.json
23/03/2024,7251,432,mail_content_filter_outgoing,7,20240323-PRO-OCF.json
24/03/2024,7248,428,mail_content_filter_outgoing,10,20240324-PRO-OCF.json
25/03/2024,7247,429,mail_content_filter_outgoing,3,20240325-PRO-OCF.json
26/03/2024,7238,428,mail_content_filter_outgoing,9,20240326-PRO-OCF.json
27/03/2024,7237,423,mail_content_filter_outgoing,0,20240327-PRO-OCF.json
28/03/2024,7237,433,mail_content_filter_outgoing,6,20240328-PRO-OCF.json
29/03/2024,7239,428,mail_content_filter_outgoing,0,20240329-PRO-OCF.json
30/03/2024,7245,433,mail_content_filter_outgoing,6,20240330-PRO-OCF.json
31/03/2024,7254,423,mail_content_filter_outgoing,0,20240331-PRO-OCF.json
01/04/2024,7247,432,mail_content_filter_outgoing,0,20240401-PRO-OCF.json
02/04/2024,7251,431,mail_content_filter_outgoing,0,20240402-PRO-OCF.json
03/04/2024,7248,432,mail_content_filter_outgoing,0,20240403-PRO-OCF.json
04/04/2024,7242,435,mail_content_filter_outgoing,0,20240404-PRO-OCF.json
05/04/2024,7250,426,mail_content_filter_outgoing,0,20240405-PRO-OCF.json
06/04/2024,7236,424,mail_content_filter_outgoing,0,20240406-PRO-OCF.json
07/04/2024,7244,429,mail_content_filter_outgoing,2,20240407-PRO-OCF.json
08/04/2024,7253,421,mail_content_filter_outgoing,0,20240408-PRO-OCF.json
09/04/2024,7251,423,mail_content_filter_outgoing,0,20240409-PRO-OCF.json
10/04/2024,7239,433,mail_content_filter_outgoing,0,20240410-PRO-OCF.json
11/04/2024,7242,426,mail_content_filter_outgoing,0,20240411-PRO-OCF.json
12/04/2024,7240,437,mail_content_filter_outgoing,1,20240412-PRO-OCF.json
13/04/2024,7237,428,mail_content_filter_outgoing,0,20240413-PRO-OCF.json
14/04/2024,7251,431,mail_content_filter_outgoing,8,20240414-PRO-OCF.json
15/04/2024,7236,427,mail_content_filter_outgoing,0,20240415-PRO-OCF.json
16/04/2024,7247,437,mail_content_filter_outgoing,0,20240416-PRO-OCF.json
17/04/2024,7248,431,mail_content_filter_outgoing,10,20240417-PRO-OCF.json
18/04/2024,7241,434,mail_content_filter_outgoing,0,20240418-PRO-OCF.json
19/04/2024,7242,438,mail_content_filter_outgoing,0,20240419-PRO-OCF.json
20/04/2024,7240,426,mail_content_filter_outgoing,0,20240420-PRO-OCF.json
21/04/2024,7247,430,mail_content_filter_outgoing,3,20240421-PRO-OCF.json
22/04/2024,7245,420,mail_content_filter_outgoing,10,20240422-PRO-OCF.json
23/04/2024,7235,419,mail_content_filter_outgoing,0,20240423-PRO-OCF.json
24/04/2024,7250,421,mail_content_filter_outgoing,1,20240424-PRO-OCF.json
25/04/2024,7242,425,mail_content_filter_outgoing,0,20240425-PRO-OCF.json
26/04/2024,7250,425,mail_content_filter_outgoing,2,20240426-PRO-OCF.json
27/04/2024,7255,418,mail_content_filter_outgoing,0,20240427-PRO-OCF.json
28/04/2024,7236,436,mail_content_filter_outgoing,5,20240428-PRO-OCF.json
29/04/2024,7249,419,mail_content_filter_outgoing,6,20240429-PRO-OCF.json
30/04/2024,7241,419,mail_content_filter_outgoing,3,20240430-PRO-OCF.json
01/05/2024,7246,419,mail_content_filter_outgoing,4,20240501-PRO-OCF.json
02/05/2024,7246,428,mail_content_filter_outgoing,6,20240502-PRO-OCF.json
03/05/2024,7238,429,mail_content_filter_outgoing,0,20240503-PRO-OCF.json
04/05/2024,7244,429,mail_content_filter_outgoing,6,20240504-PRO-OCF.json
05/05/2024,7246,426,mail_content_filter_outgoing,0,20240505-PRO-OCF.json
06/05/2024,7237,424,mail_content_filter_outgoing,3,20240506-PRO-OCF.json
07/05/2024,7242,436,mail_content_filter_outgoing,5,20240507-PRO-OCF.json
08/05/2024,7240,431,mail_content_filter_outgoing,6,20240508-PRO-OCF.json
09/05/2024,7240,428,mail_content_filter_outgoing,0,20240509-PRO-OCF.json
10/05/2024,7241,425,mail_content_filter_outgoing,0,20240510-PRO-OCF.json
11/05/2024,7246,423,mail_content_filter_outgoing,3,20240511-PRO-OCF.json
12/05/2024,7237,420,mail_content_filter_outgoing,0,20240512-PRO-OCF.json
13/05/2024,7235,420,mail_content_filter_outgoing,8,20240513-PRO-OCF.json
14/05/2024,7235,431,mail_content_filter_outgoing,0,20240514-PRO-OCF.json
15/05/2024,7253,424,mail_content_filter_outgoing,5,20240515-PRO-OCF.json
16/05/2024,7245,437,mail_content_filter_outgoing,0,20240516-PRO-OCF.json
17/05/2024,7253,429,mail_content_filter_outgoing,1,20240517-PRO-OCF.json
18/05/2024,7235,434,mail_content_filter_outgoing,1,20240518-PRO-OCF.json
19/05/2024,7251,422,mail_content_filter_outgoing,0,20240519-PRO-OCF.json
20/05/2024,7249,418,mail_content_filter_outgoing,0,20240520-PRO-OCF.json
21/05/2024,7245,431,mail_content_filter_outgoing,0,20240521-PRO-OCF.json
22/05/2024,7241,427,mail_content_filter_outgoing,7,20240522-PRO-OCF.json
23/05/2024,7240,429,mail_content_filter_outgoing,0,20240523-PRO-OCF.json
24/05/2024,7250,424,mail_content_filter_outgoing,4,20240524-PRO-OCF.json
25/05/2024,7236,429,mail_content_filter_outgoing,4,20240525-PRO-OCF.json
26/05/2024,7242,431,mail_content_filter_outgoing,3,20240526-PRO-OCF.json
27/05/2024,7237,424,mail_content_filter_outgoing,0,20240527-PRO-OCF.json
28/05/2024,7246,427,mail_content_filter_outgoing,0,20240528-PRO-OCF.json
29/05/2024,7244,418,mail_content_filter_outgoing,4,20240529-PRO-OCF.json
30/05/2024,7237,432,mail_content_filter_outgoing,1,20240530-PRO-OCF.json
31/05/2024,7239,433,mail_content_filter_outgoing,2,20240531-PRO-OCF.json
01/06/2024,7254,426,mail_content_filter_outgoing,0,20240601-PRO-OCF.json
02/06/2024,7246,421,mail_content_filter_outgoing,7,20240602-PRO-OCF.json
03/06/2024,7240,428,mail_content_filter_outgoing,2,20240603-PRO-OCF.json
04/06/2024,7249,424,mail_content_filter_outgoing,10,20240604-PRO-OCF.json
05/06/2024,7245,438,mail_content_filter_outgoing,0,20240605-PRO-OCF.json
06/06/2024,7243,438,mail_content_filter_outgoing,0,20240606-PRO-OCF.json
07/06/2024,7254,426,mail_content_filter_outgoing,1,20240607-PRO-OCF.json
08/06/2024,7241,431,mail_content_filter_outgoing,6,20240608-PRO-OCF.json
09/06/2024,7248,435,mail_content_filter_outgoing,0,20240609-PRO-OCF.json
10/06/2024,7249,434,mail_content_filter_outgoing,0,20240610-PRO-OCF.json
11/06/2024,7254,433,mail_content_filter_outgoing,6,20240611-PRO-OCF.json
12/06/2024,7243,438,mail_content_filter_outgoing,7,20240612-PRO-OCF.json
13/06/2024,7241,419,mail_content_filter_outgoing,5,20240613-PRO-OCF.json
14/06/2024,7236,426,mail_content_filter_outgoing,0,20240614-PRO-OCF.json
15/06/2024,7247,438,mail_content_filter_outgoing,0,20240615-PRO-OCF.json
16/06/2024,7255,421,mail_content_filter_outgoing,0,20240616-PRO-OCF.json
17/06/2024,7247,436,mail_content_filter_outgoing,0,20240617-PRO-OCF.json
18/06/2024,7253,429,mail_content_filter_outgoing,6,20240618-PRO-OCF.json
19/06/2024,7240,438,mail_content_filter_outgoing,0,20240619-PRO-OCF.json
20/06/2024,7255,430,mail_content_filter_outgoing,1,20240620-PRO-OCF.json
21/06/2024,7245,436,mail_content_filter_outgoing,0,20240621-PRO-OCF.json
22/06/2024,7235,421,mail_content_filter_outgoing,0,20240622-PRO-OCF.json
23/06/2024,7238,437,mail_content_filter_outgoing,0,20240623-PRO-OCF.json
24/06/2024,7249,429,mail_content_filter_outgoing,8,20240624-PRO-OCF.json
25/06/2024,7246,421,mail_content_filter_outgoing,0,20240625-PRO-OCF.json
26/06/2024,7240,438,mail_content_filter_outgoing,10,20240626-PRO-OCF.json
27/06/2024,7243,427,mail_content_filter_outgoing,0,20240627-PRO-OCF.json
28/06/2024,7248,423,mail_content_filter_outgoing,0,20240628-PRO-OCF.json
29/06/2024,7250,428,mail_content_filter_outgoing,2,20240629-PRO-OCF.json
30/06/2024,7242,421,mail_content_filter_outgoing,0,20240630-PRO-OCF.json
01/07/2024,7242,419,mail_content_filter_outgoing,1,20240701-PRO-OCF.json
02/07/2024,7246,429,mail_content_filter_outgoing,6,20240702-PRO-OCF.json
03/07/2024,7242,430,mail_content_filter_outgoing,0,20240703-PRO-OCF.json
04/07/2024,7236,431,mail_content_filter_outgoing,0,20240704-PRO-OCF.json
05/07/2024,7236,435,mail_content_filter_outgoing,0,20240705-PRO-OCF.json
06/07/2024,7253,422,mail_content_filter_outgoing,0,20240706-PRO-OCF.json
07/07/2024,7244,424,mail_content_filter_outgoing,0,20240707-PRO-OCF.json
08/07/2024,7248,427,mail_content_filter_outgoing,4,20240708-PRO-OCF.json
09/07/2024,7249,422,mail_content_filter_outgoing,0,20240709-PRO-OCF.json
10/07/2024,7251,433,mail_content_filter_outgoing,0,20240710-PRO-OCF.json
11/07/2024,7235,420,mail_content_filter_outgoing,8,20240711-PRO-OCF.json
12/07/2024,7237,434,mail_content_filter_outgoing,0,20240712-PRO-OCF.json
13/07/2024,7255,423,mail_content_filter_outgoing,3,20240713-PRO-OCF.json
14/07/2024,7248,420,mail_content_filter_outgoing,0,20240714-PRO-OCF.json
15/07/2024,7238,422,mail_content_filter_outgoing,2,20240715-PRO-OCF.json
16/07/2024,7250,424,mail_content_filter_outgoing,4,20240716-PRO-OCF.json
17/07/2024,7239,429,mail_content_filter_outgoing,0,20240717-PRO-OCF.json
18/07/2024,7250,420,mail_content_filter_outgoing,6,20240718-PRO-OCF.json
19/07/2024,7235,429,mail_content_filter_outgoing,0,20240719-PRO-OCF.json
20/07/2024,7252,427,mail_content_filter_outgoing,0,20240720-PRO-OCF.json
21/07/2024,7246,435,mail_content_filter_outgoing,0,20240721-PRO-OCF.json
22/07/2024,7239,418,mail_content_filter_outgoing,0,20240722-PRO-OCF.json
23/07/2024,7241,423,mail_content_filter_outgoing,4,20240723-PRO-OCF.json
24/07/2024,7237,438,mail_content_filter_outgoing,2,20240724-PRO-OCF.json
25/07/2024,7250,432,mail_content_filter_outgoing,6,20240725-PRO-OCF.json
26/07/2024,7241,426,mail_content_filter_outgoing,0,20240726-PRO-OCF.json
27/07/2024,7239,432,mail_content_filter_outgoing,0,20240727-PRO-OCF.json
28/07/2024,7255,425,mail_content_filter_outgoing,5,20240728-PRO-OCF.json
29/07/2024,7245,431,mail_content_filter_outgoing,6,20240729-PRO-OCF.json
30/07/2024,7242,426,mail_content_filter_outgoing,0,20240730-PRO-OCF.json
31/07/2024,7252,423,mail_content_filter_outgoing,10,20240731-PRO-OCF.json
01/08/2024,7243,418,mail_content_filter_outgoing,6,20240801-PRO-OCF.json
02/08/2024,7255,422,mail_content_filter_outgoing,0,20240802-PRO-OCF.json
03/08/2024,7251,438,mail_content_filter_outgoing,0,20240803-PRO-OCF.json
04/08/2024,7252,434,mail_content_filter_outgoing,2,20240804-PRO-OCF.json
05/08/2024,7244,435,mail_content_filter_outgoing,5,20240805-PRO-OCF.json
06/08/2024,7251,433,mail_content_filter_outgoing,0,20240806-PRO-OCF.json
07/08/2024,7237,437,mail_content_filter_outgoing,9,20240807-PRO-OCF.json
08/08/2024,7237,422,mail_content_filter_outgoing,3,20240808-PRO-OCF.json
09/08/2024,7236,422,mail_content_filter_outgoing,0,20240809-PRO-OCF.json
10/08/2024,7243,419,mail_content_filter_outgoing,0,20240810-PRO-OCF.json
11/08/2024,7244,426,mail_content_filter_outgoing,4,20240811-PRO-OCF.json
12/08/2024,7239,426,mail_content_filter_outgoing,9,20240812-PRO-OCF.json
13/08/2024,7236,422,mail_content_filter_outgoing,5,20240813-PRO-OCF.json
14/08/2024,7249,418,mail_content_filter_outgoing,6,20240814-PRO-OCF.json
15/08/2024,7246,423,mail_content_filter_outgoing,9,20240815-PRO-OCF.json
16/08/2024,7236,424,mail_content_filter_outgoing,5,20240816-PRO-OCF.json
17/08/2024,7235,426,mail_content_filter_outgoing,0,20240817-PRO-OCF.json
18/08/2024,7252,430,mail_content_filter_outgoing,0,20240818-PRO-OCF.json
19/08/2024,7243,419,mail_content_filter_outgoing,0,20240819-PRO-OCF.json
20/08/2024,7235,434,mail_content_filter_outgoing,0,20240820-PRO-OCF.json
21/08/2024,7250,431,mail_content_filter_outgoing,0,20240821-PRO-OCF.json
22/08/2024,7253,420,mail_content_filter_outgoing,0,20240822-PRO-OCF.json
23/08/2024,7235,434,mail_content_filter_outgoing,0,20240823-PRO-OCF.json
24/08/2024,7241,436,mail_content_filter_outgoing,4,20240824-PRO-OCF.json
25/08/2024,7236,420,mail_content_filter_outgoing,0,20240825-PRO-OCF.json
26/08/2024,7237,429,mail_content_filter_outgoing,0,20240826-PRO-OCF.json
27/08/2024,7237,429,mail_content_filter_outgoing,0,20240827-PRO-OCF.json
28/08/2024,7246,421,mail_content_filter_outgoing,0,20240828-PRO-OCF.json
29/08/2024,7245,422,mail_content_filter_outgoing,6,20240829-PRO-OCF.json
30/08/2024,7250,424,mail_content_filter_outgoing,0,20240830-PRO-OCF.json
31/08/2024,7249,425,mail_content_filter_outgoing,0,20240831-PRO-OCF.json
01/09/2024,7238,433,mail_content_filter_outgoing,0,20240901-PRO-OCF.json
02/09/2024,7236,436,mail_content_filter_outgoing,8,20240902-PRO-OCF.json
03/09/2024,7250,437,mail_content_filter_outgoing,0,20240903-PRO-OCF.json
04/09/2024,7252,438,mail_content_filter_outgoing,7,20240904-PRO-OCF.json
05/09/2024,7254,435,mail_content_filter_outgoing,0,20240905-PRO-OCF.json
06/09/2024,7243,426,mail_content_filter_outgoing,0,20240906-PRO-OCF.json
07/09/2024,7244,427,mail_content_filter_outgoing,2,20240907-PRO-OCF.json
08/09/2024,7252,427,mail_content_filter_outgoing,0,20240908-PRO-OCF.json
09/09/2024,7239,431,mail_content_filter_outgoing,0,20240909-PRO-OCF.json
10/09/2024,7238,431,mail_content_filter_outgoing,0,20240910-PRO-OCF.json
11/09/2024,7244,426,mail_content_filter_outgoing,0,20240911-PRO-OCF.json
12/09/2024,7249,438,mail_content_filter_outgoing,0,20240912-PRO-OCF.json
13/09/2024,7237,418,mail_content_filter_outgoing,3,20240913-PRO-OCF.json
14/09/2024,7239,425,mail_content_filter_outgoing,0,20240914-PRO-OCF.json
15/09/2024,7239,424,mail_content_filter_outgoing,6,20240915-PRO-OCF.json
16/09/2024,7249,419,mail_content_filter_outgoing,0,20240916-PRO-OCF.json
17/09/2024,7250,423,mail_content_filter_outgoing,0,20240917-PRO-OCF.json
18/09/2024,7249,423,mail_content_filter_outgoing,5,20240918-PRO-OCF.json
19/09/2024,7240,422,mail_content_filter_outgoing,0,20240919-PRO-OCF.json
20/09/2024,7247,432,mail_content_filter_outgoing,3,20240920-PRO-OCF.json
21/09/2024,7252,425,mail_content_filter_outgoing,7,20240921-PRO-OCF.json
22/09/2024,7253,438,mail_content_filter_outgoing,6,20240922-PRO-OCF.json
23/09/2024,7241,420,mail_content_filter_outgoing,9,20240923-PRO-OCF.json
24/09/2024,7238,424,mail_content_filter_outgoing,0,20240924-PRO-OCF.json
25/09/2024,7245,428,mail_content_filter_outgoing,10,20240925-PRO-OCF.json
26/09/2024,7243,421,mail_content_filter_outgoing,0,20240926-PRO-OCF.json
27/09/2024,7244,420,mail_content_filter_outgoing,0,20240927-PRO-OCF.json
28/09/2024,7237,437,mail_content_filter_outgoing,10,20240928-PRO-OCF.json
29/09/2024,7254,436,mail_content_filter_outgoing,0,20240929-PRO-OCF.json
30/09/2024,7238,422,mail_content_filter_outgoing,3,20240930-PRO-OCF.json
01/10/2024,7252,431,mail_content_filter_outgoing,0,20241001-PRO-OCF.json
02/10/2024,7240,423,mail_content_filter_outgoing,0,20241002-PRO-OCF.json
03/10/2024,7244,436,mail_content_filter_outgoing,4,20241003-PRO-OCF.json
04/10/2024,7236,436,mail_content_filter_outgoing,0,20241004-PRO-OCF.json
05/10/2024,7241,426,mail_content_filter_outgoing,9,20241005-PRO-OCF.json
06/10/2024,7244,425,mail_content_filter_outgoing,0,20241006-PRO-OCF.json
07/10/2024,7252,429,mail_content_filter_outgoing,0,20241007-PRO-OCF.json
08/10/2024,7238,432,mail_content_filter_outgoing,1,20241008-PRO-OCF.json
09/10/2024,7235,424,mail_content_filter_outgoing,6,20241009-PRO-OCF.json
10/10/2024,7240,435,mail_content_filter_outgoing,0,20241010-PRO-OCF.json
11/10/2024,7252,436,mail_content_filter_outgoing,3,20241011-PRO-OCF.json
12/10/2024,7244,425,mail_content_filter_outgoing,8,20241012-PRO-OCF.json
13/10/2024,7241,430,mail_content_filter_outgoing,0,20241013-PRO-OCF.json
14/10/2024,7238,438,mail_content_filter_outgoing,0,20241014-PRO-OCF.json
15/10/2024,7251,421,mail_content_filter_outgoing,0,20241015-PRO-OCF.json
16/10/2024,7245,434,mail_content_filter_outgoing,0,20241016-PRO-OCF.json
17/10/2024,7235,434,mail_content_filter_outgoing,0,20241017-PRO-OCF.json
18/10/2024,7245,426,mail_content_filter_outgoing,0,20241018-PRO-OCF.json
19/10/2024,7254,419,mail_content_filter_outgoing,0,20241019-PRO-OCF.json
20/10/2024,7244,437,mail_content_filter_outgoing,0,20241020-PRO-OCF.json
21/10/2024,7251,421,mail_content_filter_outgoing,10,20241021-PRO-OCF.json
22/10/2024,7247,432,mail_content_filter_outgoing,3,20241022-PRO-OCF.json
23/10/2024,7246,427,mail_content_filter_outgoing,0,20241023-PRO-OCF.json
24/10/2024,7238,433,mail_content_filter_outgoing,0,20241024-PRO-OCF.json
25/10/2024,7239,419,mail_content_filter_outgoing,8,20241025-PRO-OCF.json
26/10/2024,7244,424,mail_content_filter_outgoing,0,20241026-PRO-OCF.json
27/10/2024,7240,426,mail_content_filter_outgoing,0,20241027-PRO-OCF.json
28/10/2024,7237,428,mail_content_filter_outgoing,0,20241028-PRO-OCF.json
29/10/2024,7244,436,mail_content_filter_outgoing,3,20241029-PRO-OCF.json
30/10/2024,7239,437,mail_content_filter_outgoing,9,20241030-PRO-OCF.json
31/10/2024,7255,433,mail_content_filter_outgoing,9,20241031-PRO-OCF.json
01/11/2024,7248,419,mail_content_filter_outgoing,0,20241101-PRO-OCF.json
02/11/2024,7242,433,mail_content_filter_outgoing,0,20241102-PRO-OCF.json
03/11/2024,7248,434,mail_content_filter_outgoing,3,20241103-PRO-OCF.json
04/11/2024,7241,436,mail_content_filter_outgoing,0,20241104-PRO-OCF.json
05/11/2024,7251,419,mail_content_filter_outgoing,5,20241105-PRO-OCF.json
06/11/2024,7253,437,mail_content_filter_outgoing,6,20241106-PRO-OCF.json
07/11/2024,7250,424,mail_content_filter_outgoing,2,20241107-PRO-OCF.json
08/11/2024,7242,427,mail_content_filter_outgoing,0,20241108-PRO-OCF.json
09/11/2024,7253,425,mail_content_filter_outgoing,8,20241109-PRO-OCF.json
10/11/2024,7239,420,mail_content_filter_outgoing,0,20241110-PRO-OCF.json
11/11/2024,7236,428,mail_content_filter_outgoing,2,20241111-PRO-OCF.json
12/11/2024,7243,433,mail_content_filter_outgoing,0,20241112-PRO-OCF.json
13/11/2024,7236,420,mail_content_filter_outgoing,0,20241113-PRO-OCF.json
14/11/2024,7248,423,mail_content_filter_outgoing,0,20241114-PRO-OCF.json
15/11/2024,7255,428,mail_content_filter_outgoing,5,20241115-PRO-OCF.json
16/11/2024,7246,423,mail_content_filter_outgoing,0,20241116-PRO-OCF.json
17/11/2024,7247,435,mail_content_filter_outgoing,0,20241117-PRO-OCF.json
18/11/2024,7253,424,mail_content_filter_outgoing,0,20241118-PRO-OCF.json
19/11/2024,7255,437,mail_content_filter_outgoing,0,20241119-PRO-OCF.json
20/11/2024,7242,437,mail_content_filter_outgoing,3,20241120-PRO-OCF.json
21/11/2024,7255,422,mail_content_filter_outgoing,3,20241121-PRO-OCF.json
22/11/2024,7255,430,mail_content_filter_outgoing,0,20241122-PRO-OCF.json
23/11/2024,7247,431,mail_content_filter_outgoing,3,20241123-PRO-OCF.json
24/11/2024,7239,438,mail_content_filter_outgoing,0,20241124-PRO-OCF.json
25/11/2024,7249,431,mail_content_filter_outgoing,6,20241125-PRO-OCF.json
26/11/2024,7242,425,mail_content_filter_outgoing,0,20241126-PRO-OCF.json
27/11/2024,7245,424,mail_content_filter_outgoing,0,20241127-PRO-OCF.json
28/11/2024,7249,422,mail_content_filter_outgoing,0,20241128-PRO-OCF.json
29/11/2024,7240,423,mail_content_filter_outgoing,6,20241129-PRO-OCF.json
30/11/2024,7246,420,mail_content_filter_outgoing,0,20241130-PRO-OCF.json
01/12/2024,7241,436,mail_content_filter_outgoing,0,20241201-PRO-OCF.json
02/12/2024,7248,428,mail_content_filter_outgoing,9,20241202-PRO-OCF.json
03/12/2024,7242,420,mail_content_filter_outgoing,2,20241203-PRO-OCF.json
04/12/2024,7244,436,mail_content_filter_outgoing,0,20241204-PRO-OCF.json
05/12/2024,7253,431,mail_content_filter_outgoing,0,20241205-PRO-OCF.json
06/12/2024,7255,434,mail_content_filter_outgoing,8,20241206-PRO-OCF.json
07/12/2024,7238,427,mail_content_filter_outgoing,0,20241207-PRO-OCF.json
08/12/2024,7238,422,mail_content_filter_outgoing,0,20241208-PRO-OCF.json
09/12/2024,7236,434,mail_content_filter_outgoing,8,20241209-PRO-OCF.json
10/12/2024,7235,419,mail_content_filter_outgoing,0,20241210-PRO-OCF.json
11/12/2024,7254,434,mail_content_filter_outgoing,7,20241211-PRO-OCF.json
12/12/2024,7250,433,mail_content_filter_outgoing,8,20241212-PRO-OCF.json
13/12/2024,7240,430,mail_content_filter_outgoing,0,20241213-PRO-OCF.json
14/12/2024,7235,434,mail_content_filter_outgoing,0,20241214-PRO-OCF.json
15/12/2024,7242,436,mail_content_filter_outgoing,0,20241215-PRO-OCF.json
16/12/2024,7249,431,mail_content_filter_outgoing,5,20241216-PRO-OCF.json
17/12/2024,7239,427,mail_content_filter_outgoing,0,20241217-PRO-OCF.json
18/12/2024,7242,429,mail_content_filter_outgoing,3,20241218-PRO-OCF.json
19/12/2024,7249,424,mail_content_filter_outgoing,0,20241219-PRO-OCF.json
20/12/2024,7243,428,mail_content_filter_outgoing,0,20241220-PRO-OCF.json
21/12/2024,7243,426,mail_content_filter_outgoing,0,20241221-PRO-OCF.json
22/12/2024,7247,418,mail_content_filter_outgoing,9,20241222-PRO-OCF.json
23/12/2024,7249,429,mail_content_filter_outgoing,2,20241223-PRO-OCF.json
24/12/2024,7242,419,mail_content_filter_outgoing,10,20241224-PRO-OCF.json
25/12/2024,7250,435,mail_content_filter_outgoing,10,20241225-PRO-OCF.json
26/12/2024,7246,426,mail_content_filter_outgoing,2,20241226-PRO-OCF.json
27/12/2024,7251,438,mail_content_filter_outgoing,0,20241227-PRO-OCF.json
28/12/2024,7255,420,mail_content_filter_outgoing,5,20241228-PRO-OCF.json
29/12/2024,7243,420,mail_content_filter_outgoing,0,20241229-PRO-OCF.json
30/12/2024,7239,435,mail_content_filter_outgoing,3,20241230-PRO-OCF.json
31/12/2024,7243,432,mail_content_filter_outgoing,5,20241231-PRO-OCF.json
01/01/2025,7241,426,mail_content_filter_outgoing,0,20250101-PRO-OCF.json
02/01/2025,7240,434,mail_content_filter_outgoing,0,20250102-PRO-OCF.json
03/01/2025,7242,423,mail_content_filter_outgoing,0,20250103-PRO-OCF.json
04/01/2025,7245,437,mail_content_filter_outgoing,8,20250104-PRO-OCF.json
05/01/2025,7238,420,mail_content_filter_outgoing,0,20250105-PRO-OCF.json
06/01/2025,7254,421,mail_content_filter_outgoing,1,20250106-PRO-OCF.json
07/01/2025,7246,421,mail_content_filter_outgoing,0,20250107-PRO-OCF.json
08/01/2025,7240,432,mail_content_filter_outgoing,4,20250108-PRO-OCF.json
09/01/2025,7247,433,mail_content_filter_outgoing,1,20250109-PRO-OCF.json
10/01/2025,7237,435,mail_content_filter_outgoing,0,20250110-PRO-OCF.json
11/01/2025,7235,421,mail_content_filter_outgoing,6,20250111-PRO-OCF.json
12/01/2025,7241,424,mail_content_filter_outgoing,1,20250112-PRO-OCF.json
13/01/2025,7240,428,mail_content_filter_outgoing,0,20250113-PRO-OCF.json
14/01/2025,7238,438,mail_content_filter_outgoing,1,20250114-PRO-OCF.json
15/01/2025,7253,420,mail_content_filter_outgoing,6,20250115-PRO-OCF.json
16/01/2025,7237,437,mail_content_filter_outgoing,6,20250116-PRO-OCF.json
17/01/2025,7242,426,mail_content_filter_outgoing,0,20250117-PRO-OCF.json
18/01/2025,7251,418,mail_content_filter_outgoing,0,20250118-PRO-OCF.json
19/01/2025,7243,418,mail_content_filter_outgoing,6,20250119-PRO-OCF.json
20/01/2025,7237,438,mail_content_filter_outgoing,0,20250120-PRO-OCF.json
21/01/2025,7250,418,mail_content_filter_outgoing,6,20250121-PRO-OCF.json
22/01/2025,7244,426,mail_content_filter_outgoing,0,20250122-PRO-OCF.json
23/01/2025,7245,435,mail_content_filter_outgoing,0,20250123-PRO-OCF.json
24/01/2025,7254,433,mail_content_filter_outgoing,0,20250124-PRO-OCF.json
25/01/2025,7238,422,mail_content_filter_outgoing,0,20250125-PRO-OCF.json
26/01/2025,7242,427,mail_content_filter_outgoing,0,20250126-PRO-OCF.json
27/01/2025,7252,420,mail_content_filter_outgoing,2,20250127-PRO-OCF.json
28/01/2025,7249,432,mail_content_filter_outgoing,1,20250128-PRO-OCF.json
29/01/2025,7250,419,mail_content_filter_outgoing,0,20250129-PRO-OCF.json
30/01/2025,7251,420,mail_content_filter_outgoing,0,20250130-PRO-OCF.json
31/01/2025,7250,429,mail_content_filter_outgoing,0,20250131-PRO-OCF.json
01/02/2025,7244,436,mail_content_filter_outgoing,1,20250201-PRO-OCF.json
02/02/2025,7251,426,mail_content_filter_outgoing,7,20250202-PRO-OCF.json
03/02/2025,7245,434,mail_content_filter_outgoing,0,20250203-PRO-OCF.json
04/02/2025,7247,423,mail_content_filter_outgoing,2,20250204-PRO-OCF.json
05/02/2025,7239,435,mail_content_filter_outgoing,0,20250205-PRO-OCF.json
06/02/2025,7252,425,mail_content_filter_outgoing,0,20250206-PRO-OCF.json
07/02/2025,7253,436,mail_content_filter_outgoing,1,20250207-PRO-OCF.json
08/02/2025,7247,422,mail_content_filter_outgoing,0,20250208-PRO-OCF.json
09/02/2025,7239,428,mail_content_filter_outgoing,0,20250209-PRO-OCF.json
10/02/2025,7251,429,mail_content_filter_outgoing,4,20250210-PRO-OCF.json
11/02/2025,7255,427,mail_content_filter_outgoing,5,20250211-PRO-OCF.json
12/02/2025,7238,420,mail_content_filter_outgoing,1,20250212-PRO-OCF.json
13/02/2025,7244,434,mail_content_filter_outgoing,9,20250213-PRO-OCF.json
14/02/2025,7241,431,mail_content_filter_outgoing,7,20250214-PRO-OCF.json
15/02/2025,7245,432,mail_content_filter_outgoing,1,20250215-PRO-OCF.json
16/02/2025,7244,429,mail_content_filter_outgoing,0,20250216-PRO-OCF.json
17/02/2025,7247,434,mail_content_filter_outgoing,0,20250217-PRO-OCF.json
18/02/2025,7242,427,mail_content_filter_outgoing,0,20250218-PRO-OCF.json
19/02/2025,7243,420,mail_content_filter_outgoing,8,20250219-PRO-OCF.json
20/02/2025,7245,419,mail_content_filter_outgoing,6,20250220-PRO-OCF.json
21/02/2025,7245,433,mail_content_filter_outgoing,0,20250221-PRO-OCF.json
22/02/2025,7247,435,mail_content_filter_outgoing,0,20250222-PRO-OCF.json
23/02/2025,7246,437,mail_content_filter_outgoing,0,20250223-PRO-OCF.json
24/02/2025,7252,421,mail_content_filter_outgoing,6,20250224-PRO-OCF.json
25/02/2025,7250,419,mail_content_filter_outgoing,0,20250225-PRO-OCF.json
26/02/2025,7244,420,mail_content_filter_outgoing,0,20250226-PRO-OCF.json
27/02/2025,7236,423,mail_content_filter_outgoing,0,20250227-PRO-OCF.json
28/02/2025,7235,431,mail_content_filter_outgoing,0,20250228-PRO-OCF.json
01/03/2025,7235,432,mail_content_filter_outgoing,4,20250301-PRO-OCF.json
02/03/2025,7237,438,mail_content_filter_outgoing,7,20250302-PRO-OCF.json
03/03/2025,7235,419,mail_content_filter_outgoing,7,20250303-PRO-OCF.json
04/03/2025,7248,424,mail_content_filter_outgoing,10,20250304-PRO-OCF.json
05/03/2025,7248,422,mail_content_filter_outgoing,0,20250305-PRO-OCF.json
06/03/2025,7242,431,mail_content_filter_outgoing,0,20250306-PRO-OCF.json
07/03/2025,7245,430,mail_content_filter_outgoing,0,20250307-PRO-OCF.json
08/03/2025,7241,438,mail_content_filter_outgoing,7,20250308-PRO-OCF.json
09/03/2025,7249,431,mail_content_filter_outgoing,0,20250309-PRO-OCF.json
10/03/2025,7245,420,mail_content_filter_outgoing,5,20250310-PRO-OCF.json
11/03/2025,7236,433,mail_content_filter_outgoing,0,20250311-PRO-OCF.json
12/03/2025,7254,428,mail_content_filter_outgoing,0,20250312-PRO-OCF.json
13/03/2025,7249,433,mail_content_filter_outgoing,9,20250313-PRO-OCF.json
14/03/2025,7242,423,mail_content_filter_outgoing,0,20250314-PRO-OCF.json
15/03/2025,7235,426,mail_content_filter_outgoing,0,20250315-PRO-OCF.json
16/03/2025,7245,437,mail_content_filter_outgoing,4,20250316-PRO-OCF.json
17/03/2025,7236,429,mail_content_filter_outgoing,10,20250317-PRO-OCF.json
18/03/2025,7243,427,mail_content_filter_outgoing,10,20250318-PRO-OCF.json
19/03/2025,7248,435,mail_content_filter_outgoing,3,20250319-PRO-OCF.json
20/03/2025,7239,425,mail_content_filter_outgoing,5,20250320-PRO-OCF.json
21/03/2025,7247,422,mail_content_filter_outgoing,3,20250321-PRO-OCF.json
22/03/2025,7240,432,mail_content_filter_outgoing,1,20250322-PRO-OCF.json
23/03/2025,7239,424,mail_content_filter_outgoing,0,20250323-PRO-OCF.json
24/03/2025,7243,437,mail_content_filter_outgoing,6,20250324-PRO-OCF.json
25/03/2025,7255,433,mail_content_filter_outgoing,0,20250325-PRO-OCF.json
26/03/2025,7255,418,mail_content_filter_outgoing,0,20250326-PRO-OCF.json
27/03/2025,7240,423,mail_content_filter_outgoing,2,20250327-PRO-OCF.json
28/03/2025,7240,422,mail_content_filter_outgoing,0,20250328-PRO-OCF.json
29/03/2025,7240,423,mail_content_filter_outgoing,0,20250329-PRO-OCF.json
30/03/2025,7249,422,mail_content_filter_outgoing,2,20250330-PRO-OCF.json
31/03/2025,7243,426,mail_content_filter_outgoing,0,20250331-PRO-OCF.json
01/04/2025,7240,428,mail_content_filter_outgoing,5,20250401-PRO-OCF.json
02/04/2025,7237,425,mail_content_filter_outgoing,8,20250402-PRO-OCF.json
03/04/2025,7251,429,mail_content_filter_outgoing,0,20250403-PRO-OCF.json
04/04/2025,7254,421,mail_content_filter_outgoing,9,20250404-PRO-OCF.json
05/04/2025,7248,436,mail_content_filter_outgoing,0,20250405-PRO-OCF.json
06/04/2025,7252,433,mail_content_filter_outgoing,0,20250406-PRO-OCF.json
07/04/2025,7242,428,mail_content_filter_outgoing,0,20250407-PRO-OCF.json
08/04/2025,7247,422,mail_content_filter_outgoing,0,20250408-PRO-OCF.json
09/04/2025,7235,436,mail_content_filter_outgoing,0,20250409-PRO-OCF.json
10/04/2025,7236,436,mail_content_filter_outgoing,0,20250410-PRO-OCF.json
11/04/2025,7251,427,mail_content_filter_outgoing,7,20250411-PRO-OCF.json
12/04/2025,7255,433,mail_content_filter_outgoing,0,20250412-PRO-OCF.json
13/04/2025,7237,422,mail_content_filter_outgoing,0,20250413-PRO-OCF.json
14/04/2025,7246,434,mail_content_filter_outgoing,0,20250414-PRO-OCF.json
15/04/2025,7243,434,mail_content_filter_outgoing,8,20250415-PRO-OCF.json
16/04/2025,7255,422,mail_content_filter_outgoing,0,20250416-PRO-OCF.json
17/04/2025,7243,433,mail_content_filter_outgoing,0,20250417-PRO-OCF.json
18/04/2025,7243,423,mail_content_filter_outgoing,0,20250418-PRO-OCF.json
19/04/2025,7242,434,mail_content_filter_outgoing,0,20250419-PRO-OCF.json
20/04/2025,7235,430,mail_content_filter_outgoing,6,20250420-PRO-OCF.json
21/04/2025,7251,432,mail_content_filter_outgoing,7,20250421-PRO-OCF.json
22/04/2025,7243,436,mail_content_filter_outgoing,3,20250422-PRO-OCF.json
23/04/2025,7252,419,mail_content_filter_outgoing,0,20250423-PRO-OCF.json
24/04/2025,7238,423,mail_content_filter_outgoing,10,20250424-PRO-OCF.json
25/04/2025,7241,432,mail_content_filter_outgoing,0,20250425-PRO-OCF.json
26/04/2025,7248,427,mail_content_filter_outgoing,3,20250426-PRO-OCF.json
27/04/2025,7254,419,mail_content_filter_outgoing,0,20250427-PRO-OCF.json
28/04/2025,7253,423,mail_content_filter_outgoing,0,20250428-PRO-OCF.json
29/04/2025,7247,432,mail_content_filter_outgoing,0,20250429-PRO-OCF.json
30/04/2025,7246,435,mail_content_filter_outgoing,0,20250430-PRO-OCF.json
01/05/2025,7238,429,mail_content_filter_outgoing,3,20250501-PRO-OCF.json
02/05/2025,7251,430,mail_content_filter_outgoing,1,20250502-PRO-OCF.json
03/05/2025,7243,429,mail_content_filter_outgoing,0,20250503-PRO-OCF.json
04/05/2025,7253,437,mail_content_filter_outgoing,6,20250504-PRO-OCF.json
05/05/2025,7255,433,mail_content_filter_outgoing,0,20250505-PRO-OCF.json
06/05/2025,7249,426,mail_content_filter_outgoing,0,20250506-PRO-OCF.json
07/05/2025,7236,430,mail_content_filter_outgoing,0,20250507-PRO-OCF.json
08/05/2025,7248,418,mail_content_filter_outgoing,3,20250508-PRO-OCF.json
09/05/2025,7254,435,mail_content_filter_outgoing,0,20250509-PRO-OCF.json
10/05/2025,7253,424,mail_content_filter_outgoing,0,20250510-PRO-OCF.json
11/05/2025,7249,419,mail_content_filter_outgoing,0,20250511-PRO-OCF.json
12/05/2025,7237,437,mail_content_filter_outgoing,0,20250512-PRO-OCF.json
13/05/2025,7249,422,mail_content_filter_outgoing,0,20250513-PRO-OCF.json
14/05/2025,7242,425,mail_content_filter_outgoing,0,20250514-PRO-OCF.json
15/05/2025,7236,425,mail_content_filter_outgoing,4,20250515-PRO-OCF.json
16/05/2025,7241,425,mail_content_filter_outgoing,0,20250516-PRO-OCF.json
17/05/2025,7253,424,mail_content_filter_outgoing,0,20250517-PRO-OCF.json
18/05/2025,7243,418,mail_content_filter_outgoing,8,20250518-PRO-OCF.json
19/05/2025,7248,430,mail_content_filter_outgoing,1,20250519-PRO-OCF.json
20/05/2025,7242,431,mail_content_filter_outgoing,1,20250520-PRO-OCF.json
21/05/2025,7251,431,mail_content_filter_outgoing,2,20250521-PRO-OCF.json
22/05/2025,7254,435,mail_content_filter_outgoing,0,20250522-PRO-OCF.json
23/05/2025,7253,424,mail_content_filter_outgoing,8,20250523-PRO-OCF.json
24/05/2025,7235,422,mail_content_filter_outgoing,7,20250524-PRO-OCF.json
25/05/2025,7235,437,mail_content_filter_outgoing,3,20250525-PRO-OCF.json
26/05/2025,7251,421,mail_content_filter_outgoing,0,20250526-PRO-OCF.json
27/05/2025,7248,426,mail_content_filter_outgoing,1,20250527-PRO-OCF.json
28/05/2025,7253,423,mail_content_filter_outgoing,0,20250528-PRO-OCF.json
29/05/2025,7248,437,mail_content_filter_outgoing,4,20250529-PRO-OCF.json
30/05/2025,7253,428,mail_content_filter_outgoing,6,20250530-PRO-OCF.json
31/05/2025,7253,427,mail_content_filter_outgoing,0,20250531-PRO-OCF.json
01/06/2025,7244,432,mail_content_filter_outgoing,4,20250601-PRO-OCF.json
02/06/2025,7245,431,mail_content_filter_outgoing,3,20250602-PRO-OCF.json
03/06/2025,7242,421,mail_content_filter_outgoing,1,20250603-PRO-OCF.json
04/06/2025,7251,435,mail_content_filter_outgoing,0,20250604-PRO-OCF.json
05/06/2025,7237,432,mail_content_filter_outgoing,0,20250605-PRO-OCF.json
06/06/2025,7255,436,mail_content_filter_outgoing,0,20250606-PRO-OCF.json
07/06/2025,7239,427,mail_content_filter_outgoing,7,20250607-PRO-OCF.json
08/06/2025,7236,436,mail_content_filter_outgoing,0,20250608-PRO-OCF.json
09/06/2025,7244,426,mail_content_filter_outgoing,1,20250609-PRO-OCF.json
10/06/2025,7248,430,mail_content_filter_outgoing,4,20250610-PRO-OCF.json
11/06/2025,7247,437,mail_content_filter_outgoing,4,20250611-PRO-OCF.json
12/06/2025,7245,431,mail_content_filter_outgoing,4,20250612-PRO-OCF.json
13/06/2025,7244,431,mail_content_filter_outgoing,1,20250613-PRO-OCF.json
14/06/2025,7253,421,mail_content_filter_outgoing,6,20250614-PRO-OCF.json
15/06/2025,7235,429,mail_content_filter_outgoing,3,20250615-PRO-OCF.json
16/06/2025,7252,434,mail_content_filter_outgoing,0,20250616-PRO-OCF.json
17/06/2025,7246,424,mail_content_filter_outgoing,4,20250617-PRO-OCF.json
18/06/2025,7252,418,mail_content_filter_outgoing,0,20250618-PRO-OCF.json
19/06/2025,7249,418,mail_content_filter_outgoing,0,20250619-PRO-OCF.json
20/06/2025,7244,437,mail_content_filter_outgoing,10,20250620-PRO-OCF.json
21/06/2025,7249,438,mail_content_filter_outgoing,0,20250621-PRO-OCF.json
22/06/2025,7250,428,mail_content_filter_outgoing,3,20250622-PRO-OCF.json
23/06/2025,7244,423,mail_content_filter_outgoing,0,20250623-PRO-OCF.json
24/06/2025,7254,423,mail_content_filter_outgoing,4,20250624-PRO-OCF.json
25/06/2025,7249,424,mail_content_filter_outgoing,4,20250625-PRO-OCF.json
26/06/2025,7252,422,mail_content_filter_outgoing,0,20250626-PRO-OCF.json
27/06/2025,7242,432,mail_content_filter_outgoing,2,20250627-PRO-OCF.json
28/06/2025,7238,421,mail_content_filter_outgoing,0,20250628-PRO-OCF.json
29/06/2025,7241,431,mail_content_filter_outgoing,0,20250629-PRO-OCF.json
30/06/2025,7249,421,mail_content_filter_outgoing,8,20250630-PRO-OCF.json
01/07/2025,7245,424,mail_content_filter_outgoing,0,20250701-PRO-OCF.json
02/07/2025,7251,428,mail_content_filter_outgoing,9,20250702-PRO-OCF.json
03/07/2025,7253,426,mail_content_filter_outgoing,0,20250703-PRO-OCF.json
04/07/2025,7236,418,mail_content_filter_outgoing,9,20250704-PRO-OCF.json
05/07/2025,7255,420,mail_content_filter_outgoing,10,20250705-PRO-OCF.json
06/07/2025,7254,436,mail_content_filter_outgoing,0,20250706-PRO-OCF.json
07/07/2025,7235,418,mail_content_filter_outgoing,0,20250707-PRO-OCF.json
08/07/2025,7244,438,mail_content_filter_outgoing,0,20250708-PRO-OCF.json
09/07/2025,7243,434,mail_content_filter_outgoing,0,20250709-PRO-OCF.json
10/07/2025,7252,434,mail_content_filter_outgoing,8,20250710-PRO-OCF.json
11/07/2025,7241,433,mail_content_filter_outgoing,2,20250711-PRO-OCF.json
12/07/2025,7241,420,mail_content_filter_outgoing,9,20250712-PRO-OCF.json
13/07/2025,7241,431,mail_content_filter_outgoing,0,20250713-PRO-OCF.json
14/07/2025,7249,427,mail_content_filter_outgoing,0,20250714-PRO-OCF.json
15/07/2025,7253,421,mail_content_filter_outgoing,4,20250715-PRO-OCF.json
16/07/2025,7235,423,mail_content_filter_outgoing,2,20250716-PRO-OCF.json
17/07/2025,7251,423,mail_content_filter_outgoing,9,20250717-PRO-OCF.json
18/07/2025,7241,418,mail_content_filter_outgoing,0,20250718-PRO-OCF.json
19/07/2025,7242,437,mail_content_filter_outgoing,8,20250719-PRO-OCF.json
20/07/2025,7243,420,mail_content_filter_outgoing,10,20250720-PRO-OCF.json
21/07/2025,7244,428,mail_content_filter_outgoing,0,20250721-PRO-OCF.json
22/07/2025,7241,437,mail_content_filter_outgoing,5,20250722-PRO-OCF.json
23/07/2025,7238,421,mail_content_filter_outgoing,0,20250723-PRO-OCF.json
24/07/2025,7250,426,mail_content_filter_outgoing,0,20250724-PRO-OCF.json
25/07/2025,7240,423,mail_content_filter_outgoing,0,20250725-PRO-OCF.json
26/07/2025,7243,436,mail_content_filter_outgoing,9,20250726-PRO-OCF.json
27/07/2025,7237,422,mail_content_filter_outgoing,6,20250727-PRO-OCF.json
28/07/2025,7241,429,mail_content_filter_outgoing,3,20250728-PRO-OCF.json
29/07/2025,7251,430,mail_content_filter_outgoing,5,20250729-PRO-OCF.json
30/07/2025,7252,437,mail_content_filter_outgoing,2,20250730-PRO-OCF.json
31/07/2025,7255,422,mail_content_filter_outgoing,0,20250731-PRO-OCF.json
01/08/2025,7250,422,mail_content_filter_outgoing,7,20250801-PRO-OCF.json
02/08/2025,7239,421,mail_content_filter_outgoing,0,20250802-PRO-OCF.json
03/08/2025,7254,431,mail_content_filter_outgoing,7,20250803-PRO-OCF.json
04/08/2025,7251,430,mail_content_filter_outgoing,0,20250804-PRO-OCF.json
05/08/2025,7248,437,mail_content_filter_outgoing,0,20250805-PRO-OCF.json
06/08/2025,7250,426,mail_content_filter_outgoing,0,20250806-PRO-OCF.json
07/08/2025,7242,438,mail_content_filter_outgoing,0,20250807-PRO-OCF.json
08/08/2025,7253,419,mail_content_filter_outgoing,0,20250808-PRO-OCF.json
09/08/2025,7236,435,mail_content_filter_outgoing,2,20250809-PRO-OCF.json
10/08/2025,7239,419,mail_content_filter_outgoing,0,20250810-PRO-OCF.json
11/08/2025,7249,419,mail_content_filter_outgoing,7,20250811-PRO-OCF.json
12/08/2025,7240,433,mail_content_filter_outgoing,6,20250812-PRO-OCF.json
13/08/2025,7241,435,mail_content_filter_outgoing,2,20250813-PRO-OCF.json
14/08/2025,7236,438,mail_content_filter_outgoing,0,20250814-PRO-OCF.json
15/08/2025,7237,432,mail_content_filter_outgoing,5,20250815-PRO-OCF.json
16/08/2025,7238,437,mail_content_filter_outgoing,0,20250816-PRO-OCF.json
17/08/2025,7235,431,mail_content_filter_outgoing,0,20250817-PRO-OCF.json
18/08/2025,7243,424,mail_content_filter_outgoing,0,20250818-PRO-OCF.json
19/08/2025,7248,432,mail_content_filter_outgoing,0,20250819-PRO-OCF.json
20/08/2025,7243,432,mail_content_filter_outgoing,0,20250820-PRO-OCF.json
21/08/2025,7235,421,mail_content_filter_outgoing,5,20250821-PRO-OCF.json
22/08/2025,7249,434,mail_content_filter_outgoing,5,20250822-PRO-OCF.json
23/08/2025,7251,418,mail_content_filter_outgoing,0,20250823-PRO-OCF.json
24/08/2025,7245,434,mail_content_filter_outgoing,10,20250824-PRO-OCF.json
25/08/2025,7238,432,mail_content_filter_outgoing,0,20250825-PRO-OCF.json
26/08/2025,7235,418,mail_content_filter_outgoing,3,20250826-PRO-OCF.json
27/08/2025,7238,438,mail_content_filter_outgoing,5,20250827-PRO-OCF.json
28/08/2025,7247,428,mail_content_filter_outgoing,9,20250828-PRO-OCF.json
29/08/2025,7251,425,mail_content_filter_outgoing,1,20250829-PRO-OCF.json
30/08/2025,7238,432,mail_content_filter_outgoing,7,20250830-PRO-OCF.json
31/08/2025,7248,428,mail_content_filter_outgoing,4,20250831-PRO-OCF.json
01/09/2025,7251,431,mail_content_filter_outgoing,0,20250901-PRO-OCF.json
02/09/2025,7246,428,mail_content_filter_outgoing,0,20250902-PRO-OCF.json
03/09/2025,7245,423,mail_content_filter_outgoing,9,20250903-PRO-OCF.json
04/09/2025,7241,434,mail_content_filter_outgoing,0,20250904-PRO-OCF.json
05/09/2025,7245,423,mail_content_filter_outgoing,1,20250905-PRO-OCF.json
06/09/2025,7254,418,mail_content_filter_outgoing,1,20250906-PRO-OCF.json
07/09/2025,7252,430,mail_content_filter_outgoing,0,20250907-PRO-OCF.json
08/09/2025,7241,431,mail_content_filter_outgoing,5,20250908-PRO-OCF.json
09/09/2025,7239,434,mail_content_filter_outgoing,0,20250909-PRO-OCF.json
10/09/2025,7253,428,mail_content_filter_outgoing,7,20250910-PRO-OCF.json
11/09/2025,7236,432,mail_content_filter_outgoing,0,20250911-PRO-OCF.json
12/09/2025,7239,432,mail_content_filter_outgoing,0,20250912-PRO-OCF.json
13/09/2025,7251,423,mail_content_filter_outgoing,0,20250913-PRO-OCF.json
14/09/2025,7237,420,mail_content_filter_outgoing,4,20250914-PRO-OCF.json
15/09/2025,7254,426,mail_content_filter_outgoing,0,20250915-PRO-OCF.json
16/09/2025,7245,426,mail_content_filter_outgoing,3,20250916-PRO-OCF.json
17/09/2025,7249,427,mail_content_filter_outgoing,0,20250917-PRO-OCF.json
18/09/2025,7248,438,mail_content_filter_outgoing,0,20250918-PRO-OCF.json
19/09/2025,7236,428,mail_content_filter_outgoing,7,20250919-PRO-OCF.json
20/09/2025,7243,436,mail_content_filter_outgoing,0,20250920-PRO-OCF.json
21/09/2025,7237,426,mail_content_filter_outgoing,8,20250921-PRO-OCF.json
22/09/2025,7245,435,mail_content_filter_outgoing,0,20250922-PRO-OCF.json
23/09/2025,7246,424,mail_content_filter_outgoing,1,20250923-PRO-OCF.json
24/09/2025,7247,424,mail_content_filter_outgoing,3,20250924-PRO-OCF.json
25/09/2025,7251,418,mail_content_filter_outgoing,0,20250925-PRO-OCF.json
26/09/2025,7236,427,mail_content_filter_outgoing,0,20250926-PRO-OCF.json
27/09/2025,7245,423,mail_content_filter_outgoing,0,20250927-PRO-OCF.json
28/09/2025,7252,419,mail_content_filter_outgoing,0,20250928-PRO-OCF.json
29/09/2025,7240,418,mail_content_filter_outgoing,0,20250929-PRO-OCF.json
30/09/2025,7255,435,mail_content_filter_outgoing,0,20250930-PRO-OCF.json
01/10/2025,7239,432,mail_content_filter_outgoing,0,20251001-PRO-OCF.json
02/10/2025,7235,422,mail_content_filter_outgoing,9,20251002-PRO-OCF.json
03/10/2025,7243,422,mail_content_filter_outgoing,0,20251003-PRO-OCF.json
04/10/2025,7242,437,mail_content_filter_outgoing,1,20251004-PRO-OCF.json
05/10/2025,7244,433,mail_content_filter_outgoing,0,20251005-PRO-OCF.json
06/10/2025,7248,432,mail_content_filter_outgoing,6,20251006-PRO-OCF.json
07/10/2025,7255,436,mail_content_filter_outgoing,0,20251007-PRO-OCF.json
08/10/2025,7254,433,mail_content_filter_outgoing,2,20251008-PRO-OCF.json
09/10/2025,7242,431,mail_content_filter_outgoing,7,20251009-PRO-OCF.json
10/10/2025,7251,428,mail_content_filter_outgoing,0,20251010-PRO-OCF.json
11/10/2025,7253,419,mail_content_filter_outgoing,0,20251011-PRO-OCF.json
12/10/2025,7254,431,mail_content_filter_outgoing,0,20251012-PRO-OCF.json
13/10/2025,7251,436,mail_content_filter_outgoing,0,20251013-PRO-OCF.json
14/10/2025,7241,431,mail_content_filter_outgoing,0,20251014-PRO-OCF.json
15/10/2025,7244,420,mail_content_filter_outgoing,0,20251015-PRO-OCF.json
16/10/2025,7249,427,mail_content_filter_outgoing,7,20251016-PRO-OCF.json
17/10/2025,7237,427,mail_content_filter_outgoing,2,20251017-PRO-OCF.json
18/10/2025,7241,436,mail_content_filter_outgoing,7,20251018-PRO-OCF.json
19/10/2025,7255,430,mail_content_filter_outgoing,0,20251019-PRO-OCF.json
20/10/2025,7250,418,mail_content_filter_outgoing,0,20251020-PRO-OCF.json
21/10/2025,7245,423,mail_content_filter_outgoing,0,20251021-PRO-OCF.json
22/10/2025,7241,418,mail_content_filter_outgoing,5,20251022-PRO-OCF.json
23/10/2025,7251,425,mail_content_filter_outgoing,0,20251023-PRO-OCF.json
24/10/2025,7243,428,mail_content_filter_outgoing,4,20251024-PRO-OCF.json
25/10/2025,7237,420,mail_content_filter_outgoing,7,20251025-PRO-OCF.json
26/10/2025,7236,438,mail_content_filter_outgoing,0,20251026-PRO-OCF.json
27/10/2025,7244,426,mail_content_filter_outgoing,0,20251027-PRO-OCF.json
28/10/2025,7241,429,mail_content_filter_outgoing,9,20251028-PRO-OCF.json
29/10/2025,7246,423,mail_content_filter_outgoing,0,20251029-PRO-OCF.json
30/10/2025,7250,437,mail_content_filter_outgoing,4,20251030-PRO-OCF.json
31/10/2025,7249,431,mail_content_filter_outgoing,8,20251031-PRO-OCF.json
